"Product","shop","location","date","trigger"
"Cloak of the Undead King","SSID_154660","Midkemia",2016-02-01,"Other"
"Cloak of the Undead King","SSID_154660","Midkemia",2016-06-26,"Other"
"Cloak of the Undead King","SSID_154660","Midkemia",2016-09-04,"Other"
"Cloak of the Undead King","SSID_154660","Midkemia",2016-11-11,"Other"
"Cloak of the Undead King","SSID_154660","Midkemia",2017-01-28,"Other"
"Cloak of the Undead King","SSID_154660","Midkemia",2017-03-20,"Other"
"Cloak of the Undead King","SSID_154660","Midkemia",2017-04-29,"Other"
"Cloak of the Undead King","SSID_154660","Midkemia",2017-06-09,"Other"
"Cloak of the Undead King","SSID_154660","Midkemia",2017-07-29,"Other"
"Cloak of the Undead King","SSID_154660","Midkemia",2017-10-13,"Other"
"Cloak of the Undead King","SSID_154660","Midkemia",2018-01-19,"Regular Check-In"
"Cloak of the Undead King","SSID_154660","Midkemia",2018-04-06,"Regular Check-In"
"Cloak of the Undead King","SSID_154660","Midkemia",2018-07-14,"Regular Check-In"
"Cloak of the Undead King","SSID_154660","Midkemia",2018-10-07,"Regular Check-In"
"Cloak of the Undead King","SSID_154660","Midkemia",2019-01-11,"Regular Check-In"
"Cloak of the Undead King","SSID_154660","Midkemia",2019-03-22,"Regular Check-In"
"Cloak of the Undead King","SSID_154660","Midkemia",2019-06-21,"Regular Check-In"
"Cloak of the Undead King","SSID_154660","Midkemia",2019-09-14,"Regular Check-In"
"Cloak of the Undead King","SSID_154660","Midkemia",2020-01-25,"Regular Check-In"
"Cloak of the Undead King","SSID_154660","Midkemia",2020-05-09,"Regular Check-In"
"Cloak of the Undead King","SSID_154660","Midkemia",2021-03-23,"Regular Check-In"
"Cloak of the Undead King","SSID_154660","Midkemia",2021-01-16,"Engagement Booster"
"Cloak of the Undead King","SSID_438242","Narnia",2018-10-22,"Regular Check-In"
"Cloak of the Undead King","SSID_438242","Narnia",2019-07-20,"Regular Check-In"
"Cloak of the Undead King","SSID_307863","Xanth",2015-04-24,"Other"
"Cloak of the Undead King","SSID_307863","Xanth",2015-07-04,"Other"
"Cloak of the Undead King","SSID_307863","Xanth",2015-07-04,"Other"
"Cloak of the Undead King","SSID_307863","Xanth",2015-09-06,"Other"
"Cloak of the Undead King","SSID_307863","Xanth",2015-11-07,"Other"
"Cloak of the Undead King","SSID_307863","Xanth",2015-12-11,"Other"
"Cloak of the Undead King","SSID_307863","Xanth",2016-01-16,"Other"
"Cloak of the Undead King","SSID_307863","Xanth",2016-01-16,"Other"
"Cloak of the Undead King","SSID_307863","Xanth",2017-02-11,"Other"
"Cloak of the Undead King","SSID_307863","Xanth",2017-03-18,"Other"
"Cloak of the Undead King","SSID_307863","Xanth",2017-08-05,"Other"
"Cloak of the Undead King","SSID_307863","Xanth",2017-11-19,"Regular Check-In"
"Cloak of the Undead King","SSID_307863","Xanth",2018-02-24,"Regular Check-In"
"Cloak of the Undead King","SSID_307863","Xanth",2018-10-07,"Regular Check-In"
"Cloak of the Undead King","SSID_307863","Xanth",2019-01-13,"Regular Check-In"
"Cloak of the Undead King","SSID_307863","Xanth",2019-06-08,"Regular Check-In"
"Cloak of the Undead King","SSID_307863","Xanth",2019-10-19,"Regular Check-In"
"Cloak of the Undead King","SSID_307863","Xanth",2020-02-29,"Regular Check-In"
"Elixir of Life","SSID_305146","Westeros",2019-06-25,"Other"
"Elixir of Life","SSID_305146","Westeros",2020-04-07,"Regular Check-In"
"Elixir of Life","SSID_305146","Westeros",2020-10-06,"Regular Check-In"
"Elixir of Life","SSID_305146","Westeros",2021-04-20,"Engagement Booster"
"Elixir of Life","SSID_305146","Westeros",2021-07-13,"Other"
"Elixir of Life","SSID_758006","Dalmasca",2018-05-29,"Other"
"Elixir of Life","SSID_758006","Dalmasca",2018-09-16,"Other"
"Elixir of Life","SSID_758006","Dalmasca",2019-05-04,"Other"
"Elixir of Life","SSID_758006","Dalmasca",2020-01-10,"Regular Check-In"
"Elixir of Life","SSID_758006","Dalmasca",2020-09-28,"Regular Check-In"
"Elixir of Life","SSID_758006","Dalmasca",2021-01-02,"Regular Check-In"
"Elixir of Life","SSID_758006","Dalmasca",2021-08-29,"Regular Check-In"
"Elixir of Life","SSID_758006","Dalmasca",2021-12-25,"Regular Check-In"
"Elixir of Life","SSID_758006","Dalmasca",2022-07-25,"Regular Check-In"
"Elixir of Life","SSID_829841","Terabithia",2019-02-05,"Other"
"Elixir of Life","SSID_829841","Terabithia",2019-07-19,"Regular Check-In"
"Elixir of Life","SSID_829841","Terabithia",2019-11-25,"Regular Check-In"
"Elixir of Life","SSID_829841","Terabithia",2020-05-29,"Regular Check-In"
"Elixir of Life","SSID_829841","Terabithia",2020-09-27,"Regular Check-In"
"Elixir of Life","SSID_829841","Terabithia",2020-11-16,"Engagement Booster"
"Elixir of Life","SSID_829841","Terabithia",2021-02-08,"Regular Check-In"
"Elixir of Life","SSID_829841","Terabithia",2021-06-07,"Regular Check-In"
"Elixir of Life","SSID_829841","Terabithia",2021-07-18,"Other"
"Elixir of Life","SSID_829841","Terabithia",2021-09-26,"Regular Check-In"
"Elixir of Life","SSID_829841","Terabithia",2021-12-05,"Regular Check-In"
"Elixir of Life","SSID_829841","Terabithia",2022-02-12,"Regular Check-In"
"Elixir of Life","SSID_829841","Terabithia",2022-03-27,"Regular Check-In"
"Elixir of Life","SSID_829841","Terabithia",2022-06-10,"Regular Check-In"
"Elixir of Life","SSID_829841","Terabithia",2022-09-10,"Regular Check-In"
"Elixir of Life","SSID_829841","Terabithia",2022-10-08,"Regular Check-In"
"Elixir of Life","SSID_829841","Terabithia",2022-12-30,"Regular Check-In"
"Elixir of Life","SSID_296576","Altdorf",2019-07-05,"Regular Check-In"
"Elixir of Life","SSID_296576","Altdorf",2020-03-20,"Regular Check-In"
"Elixir of Life","SSID_296576","Altdorf",2020-10-02,"Regular Check-In"
"Elixir of Life","SSID_296576","Altdorf",2021-04-03,"Regular Check-In"
"Elixir of Life","SSID_296576","Altdorf",2021-10-15,"Regular Check-In"
"Elixir of Life","SSID_296576","Altdorf",2022-04-15,"Regular Check-In"
"Elixir of Life","SSID_296576","Altdorf",2022-10-02,"Regular Check-In"
"Elixir of Life","SSID_863781","Xanth",2018-12-23,"Other"
"Elixir of Life","SSID_863781","Xanth",2020-01-12,"Regular Check-In"
"Elixir of Life","SSID_863781","Xanth",2020-10-04,"Regular Check-In"
"Elixir of Life","SSID_863781","Xanth",2021-05-15,"Engagement Booster"
"Elixir of Life","SSID_863781","Xanth",2021-11-15,"Engagement Booster"
"Elixir of Life","SSID_863781","Xanth",2022-01-17,"Regular Check-In"
"Elixir of Life","SSID_863781","Xanth",2022-07-02,"Other"
"Elixir of Life","SSID_863781","Xanth",2022-10-30,"Other"
"Lion’s Shield of Courage","SSID_818521","Rivendell",2018-01-15,"Other"
"Lion’s Shield of Courage","SSID_818521","Rivendell",2016-07-02,"Other"
"Lion’s Shield of Courage","SSID_818521","Rivendell",2017-02-12,"Other"
"Lion’s Shield of Courage","SSID_818521","Rivendell",2017-10-10,"Other"
"Lion’s Shield of Courage","SSID_818521","Rivendell",2018-04-16,"Regular Check-In"
"Lion’s Shield of Courage","SSID_818521","Rivendell",2018-09-29,"Regular Check-In"
"Lion’s Shield of Courage","SSID_818521","Rivendell",2019-04-01,"Regular Check-In"
"Lion’s Shield of Courage","SSID_818521","Rivendell",2019-06-09,"Other"
"Lion’s Shield of Courage","SSID_818521","Rivendell",2019-12-29,"Regular Check-In"
"Lion’s Shield of Courage","SSID_818521","Rivendell",2020-04-20,"Regular Check-In"
"Lion’s Shield of Courage","SSID_818521","Rivendell",2020-06-09,"Other"
"Lion’s Shield of Courage","SSID_818521","Rivendell",2020-10-20,"Regular Check-In"
"Lion’s Shield of Courage","SSID_818521","Rivendell",2020-12-26,"Regular Check-In"
"Lion’s Shield of Courage","SSID_818521","Rivendell",2021-04-20,"Regular Check-In"
"Elixir of Life","SSID_691271","Westeros",2019-12-12,"Regular Check-In"
"Elixir of Life","SSID_691271","Westeros",2020-01-10,"Regular Check-In"
"Elixir of Life","SSID_691271","Westeros",2020-01-24,"Regular Check-In"
"Elixir of Life","SSID_691271","Westeros",2020-03-13,"Regular Check-In"
"Elixir of Life","SSID_691271","Westeros",2020-05-08,"Regular Check-In"
"Elixir of Life","SSID_691271","Westeros",2020-06-19,"Regular Check-In"
"Elixir of Life","SSID_691271","Westeros",2020-07-30,"Regular Check-In"
"Elixir of Life","SSID_691271","Westeros",2020-08-21,"Regular Check-In"
"Elixir of Life","SSID_691271","Westeros",2020-10-08,"Regular Check-In"
"Elixir of Life","SSID_691271","Westeros",2020-11-20,"Regular Check-In"
"Elixir of Life","SSID_691271","Westeros",2020-12-25,"Regular Check-In"
"Elixir of Life","SSID_691271","Westeros",2021-02-18,"Regular Check-In"
"Elixir of Life","SSID_691271","Westeros",2021-03-26,"Regular Check-In"
"Elixir of Life","SSID_691271","Westeros",2021-04-30,"Regular Check-In"
"Elixir of Life","SSID_691271","Westeros",2021-05-28,"Regular Check-In"
"Elixir of Life","SSID_691271","Westeros",2021-07-02,"Regular Check-In"
"Elixir of Life","SSID_691271","Westeros",2021-08-26,"Regular Check-In"
"Elixir of Life","SSID_942717","Tyria",2019-03-08,"Other"
"Elixir of Life","SSID_942717","Tyria",2019-06-07,"Other"
"Elixir of Life","SSID_942717","Tyria",2019-11-07,"Regular Check-In"
"Elixir of Life","SSID_942717","Tyria",2020-02-01,"Regular Check-In"
"Elixir of Life","SSID_942717","Tyria",2020-04-22,"Regular Check-In"
"Elixir of Life","SSID_942717","Tyria",2020-08-28,"Regular Check-In"
"Elixir of Life","SSID_942717","Tyria",2020-12-31,"Regular Check-In"
"Elixir of Life","SSID_942717","Tyria",2021-05-14,"Other"
"Elixir of Life","SSID_942717","Tyria",2021-08-05,"Regular Check-In"
"Lion’s Shield of Courage","SSID_345784","Erewhon",2022-05-10,"Engagement Booster"
"Lion’s Shield of Courage","SSID_339583","Tristram",2020-10-27,"Other"
"Lion’s Shield of Courage","SSID_339583","Tristram",2021-01-19,"Regular Check-In"
"Lion’s Shield of Courage","SSID_339583","Tristram",2021-04-13,"Regular Check-In"
"Lion’s Shield of Courage","SSID_339583","Tristram",2021-11-29,"Regular Check-In"
"Lion’s Shield of Courage","SSID_339583","Tristram",2022-03-08,"Regular Check-In"
"Lion’s Shield of Courage","SSID_339583","Tristram",2022-05-16,"Regular Check-In"
"Lion’s Shield of Courage","SSID_339583","Tristram",2021-08-25,"Regular Check-In"
"Lion’s Shield of Courage","SSID_339583","Tristram",2022-08-14,"Other"
"Lion’s Shield of Courage","SSID_339583","Tristram",2022-10-02,"Other"
"Lion’s Shield of Courage","SSID_339583","Tristram",2022-06-12,"Other"
"Lion’s Shield of Courage","SSID_443171","Beleriand",2020-07-13,"Engagement Booster"
"Lion’s Shield of Courage","SSID_443171","Beleriand",2022-07-18,"Other"
"Lion’s Shield of Courage","SSID_443171","Beleriand",2022-09-13,"Other"
"Lion’s Shield of Courage","SSID_443171","Beleriand",2022-10-25,"Other"
"Lion’s Shield of Courage","SSID_294333","Tristram",2022-03-24,"Engagement Booster"
"Lion’s Shield of Courage","SSID_294333","Tristram",2022-05-02,"Engagement Booster"
"Lion’s Shield of Courage","SSID_294333","Tristram",2022-06-06,"Regular Check-In"
"Lion’s Shield of Courage","SSID_294333","Tristram",2022-09-14,"Regular Check-In"
"Lion’s Shield of Courage","SSID_294333","Tristram",2023-01-05,"Regular Check-In"
"Lion’s Shield of Courage","SSID_294333","Tristram",2023-04-06,"Regular Check-In"
"Lion’s Shield of Courage","SSID_294333","Tristram",2023-05-22,"Regular Check-In"
"Lion’s Shield of Courage","SSID_294333","Tristram",2023-07-13,"Other"
"Lion’s Shield of Courage","SSID_294333","Tristram",2023-07-27,"Other"
"Lion’s Shield of Courage","SSID_294333","Tristram",2023-09-16,"Other"
"Lion’s Shield of Courage","SSID_294333","Tristram",2023-11-15,"Other"
"Lion’s Shield of Courage","SSID_294333","Tristram",2023-12-10,"Other"
"Lion’s Shield of Courage","SSID_267911","Atlantis",2021-05-05,"Regular Check-In"
"Lion’s Shield of Courage","SSID_267911","Atlantis",2021-10-14,"Regular Check-In"
"Lion’s Shield of Courage","SSID_267911","Atlantis",2022-02-28,"Regular Check-In"
"Lion’s Shield of Courage","SSID_267911","Atlantis",2023-10-16,"Regular Check-In"
"Lion’s Shield of Courage","SSID_267911","Atlantis",2023-11-22,"Regular Check-In"
"Lion’s Shield of Courage","SSID_267911","Atlantis",2022-09-14,"Regular Check-In"
"Lion’s Shield of Courage","SSID_267911","Atlantis",2022-10-26,"Regular Check-In"
"Lion’s Shield of Courage","SSID_267911","Atlantis",2023-01-11,"Regular Check-In"
"Lion’s Shield of Courage","SSID_267911","Atlantis",2023-03-13,"Regular Check-In"
"Lion’s Shield of Courage","SSID_267911","Atlantis",2023-05-09,"Regular Check-In"
"Lion’s Shield of Courage","SSID_267911","Atlantis",2023-12-19,"Regular Check-In"
"Lion’s Shield of Courage","SSID_267911","Atlantis",2023-07-25,"Regular Check-In"
"Lion’s Shield of Courage","SSID_267911","Atlantis",2024-01-01,"Other"
"Cloak of the Undead King","SSID_784408","Erewhon",2018-06-11,"Other"
"Cloak of the Undead King","SSID_784408","Erewhon",2018-08-05,"Other"
"Cloak of the Undead King","SSID_784408","Erewhon",2018-10-07,"Other"
"Cloak of the Undead King","SSID_784408","Erewhon",2019-08-05,"Other"
"Cloak of the Undead King","SSID_784408","Erewhon",2020-03-04,"Other"
"Cloak of the Undead King","SSID_784408","Erewhon",2020-06-23,"Regular Check-In"
"Cloak of the Undead King","SSID_704509","Atlantis",2019-05-28,"Other"
"Cloak of the Undead King","SSID_704509","Atlantis",2019-05-28,"Other"
"Cloak of the Undead King","SSID_704509","Atlantis",2019-05-28,"Other"
"Cloak of the Undead King","SSID_704509","Atlantis",2019-08-25,"Other"
"Cloak of the Undead King","SSID_704509","Atlantis",2019-12-22,"Other"
"Cloak of the Undead King","SSID_704509","Atlantis",2020-09-20,"Regular Check-In"
"Cloak of the Undead King","SSID_704509","Atlantis",2020-10-20,"Regular Check-In"
"Cloak of the Undead King","SSID_704509","Atlantis",2020-12-06,"Regular Check-In"
"Cloak of the Undead King","SSID_704509","Atlantis",2020-12-20,"Regular Check-In"
"Cloak of the Undead King","SSID_704509","Atlantis",2021-10-26,"Regular Check-In"
"Cloak of the Undead King","SSID_704509","Atlantis",2021-12-09,"Other"
"Cloak of the Undead King","SSID_704509","Atlantis",2022-01-12,"Regular Check-In"
"Cloak of the Undead King","SSID_704509","Atlantis",2022-02-06,"Other"
"Cloak of the Undead King","SSID_704509","Atlantis",2022-03-02,"Other"
"Cloak of the Undead King","SSID_704509","Atlantis",2022-04-17,"Regular Check-In"
"Cloak of the Undead King","SSID_704509","Atlantis",2022-06-01,"Regular Check-In"
"Cloak of the Undead King","SSID_704509","Atlantis",2022-07-04,"Regular Check-In"
"Cloak of the Undead King","SSID_704509","Atlantis",2022-08-01,"Other"
"Cloak of the Undead King","SSID_704509","Atlantis",2022-08-28,"Other"
"Cloak of the Undead King","SSID_704509","Atlantis",2022-09-26,"Regular Check-In"
"Cloak of the Undead King","SSID_704509","Atlantis",2022-10-10,"Other"
"Cloak of the Undead King","SSID_704509","Atlantis",2022-11-02,"Other"
"Cloak of the Undead King","SSID_704509","Atlantis",2023-12-11,"Other"
"Cloak of the Undead King","SSID_596522","Camelot",2020-05-12,"Other"
"Cloak of the Undead King","SSID_596522","Camelot",2020-08-11,"Regular Check-In"
"Cloak of the Undead King","SSID_596522","Camelot",2020-11-24,"Regular Check-In"
"Cloak of the Undead King","SSID_596522","Camelot",2021-06-10,"Regular Check-In"
"Cloak of the Undead King","SSID_596522","Camelot",2022-09-21,"Regular Check-In"
"Cloak of the Undead King","SSID_850572","Arnor",2020-05-16,"Other"
"Cloak of the Undead King","SSID_850572","Arnor",2020-10-31,"Regular Check-In"
"Cloak of the Undead King","SSID_850572","Arnor",2020-12-27,"Regular Check-In"
"Cloak of the Undead King","SSID_850572","Arnor",2021-02-28,"Regular Check-In"
"Cloak of the Undead King","SSID_850572","Arnor",2021-06-12,"Regular Check-In"
"Cloak of the Undead King","SSID_850572","Arnor",2021-09-17,"Regular Check-In"
"Cloak of the Undead King","SSID_850572","Arnor",2021-09-17,"Regular Check-In"
"Cloak of the Undead King","SSID_850572","Arnor",2021-11-02,"Other"
"Cloak of the Undead King","SSID_850572","Arnor",2021-12-03,"Regular Check-In"
"Cloak of the Undead King","SSID_850572","Arnor",2021-12-03,"Regular Check-In"
"Cloak of the Undead King","SSID_850572","Arnor",2022-02-07,"Regular Check-In"
"Cloak of the Undead King","SSID_850572","Arnor",2022-07-15,"Other"
"Cloak of the Undead King","SSID_850572","Arnor",2022-09-16,"Regular Check-In"
"Cloak of the Undead King","SSID_850572","Arnor",2022-11-11,"Other"
"Cloak of the Undead King","SSID_850572","Arnor",2023-01-30,"Regular Check-In"
"Cloak of the Undead King","SSID_850572","Arnor",2023-05-19,"Regular Check-In"
"Cloak of the Undead King","SSID_850572","Arnor",2023-07-18,"Regular Check-In"
"Cloak of the Undead King","SSID_850572","Arnor",2023-11-04,"Regular Check-In"
"Cloak of the Undead King","SSID_850572","Arnor",2023-12-22,"Regular Check-In"
"Cloak of the Undead King","SSID_850572","Arnor",2024-01-29,"Other"
"Cloak of the Undead King","SSID_850572","Arnor",2024-03-01,"Other"
"Cloak of the Undead King","SSID_832829","Arnor",2020-12-08,"Regular Check-In"
"Cloak of the Undead King","SSID_832829","Arnor",2021-02-02,"Regular Check-In"
"Cloak of the Undead King","SSID_832829","Arnor",2021-05-29,"Regular Check-In"
"Cloak of the Undead King","SSID_832829","Arnor",2021-10-25,"Regular Check-In"
"Cloak of the Undead King","SSID_832829","Arnor",2022-03-12,"Other"
"Cloak of the Undead King","SSID_832829","Arnor",2022-08-05,"Regular Check-In"
"Cloak of the Undead King","SSID_832829","Arnor",2022-11-14,"Other"
"Cloak of the Undead King","SSID_832829","Arnor",2023-07-16,"Regular Check-In"
"Cloak of the Undead King","SSID_832829","Arnor",2023-07-18,"Regular Check-In"
"Cloak of the Undead King","SSID_664327","Pern",2020-04-25,"Other"
"Cloak of the Undead King","SSID_664327","Pern",2020-08-13,"Regular Check-In"
"Cloak of the Undead King","SSID_664327","Pern",2020-09-24,"Regular Check-In"
"Cloak of the Undead King","SSID_664327","Pern",2020-11-15,"Regular Check-In"
"Cloak of the Undead King","SSID_664327","Pern",2020-12-27,"Regular Check-In"
"Cloak of the Undead King","SSID_664327","Pern",2021-04-10,"Regular Check-In"
"Cloak of the Undead King","SSID_664327","Pern",2021-07-30,"Regular Check-In"
"Cloak of the Undead King","SSID_664327","Pern",2021-09-11,"Regular Check-In"
"Cloak of the Undead King","SSID_664327","Pern",2021-12-25,"Regular Check-In"
"Cloak of the Undead King","SSID_664327","Pern",2022-01-23,"Regular Check-In"
"Cloak of the Undead King","SSID_664327","Pern",2022-03-10,"Regular Check-In"
"Cloak of the Undead King","SSID_664327","Pern",2022-04-07,"Regular Check-In"
"Cloak of the Undead King","SSID_664327","Pern",2022-05-16,"Regular Check-In"
"Cloak of the Undead King","SSID_664327","Pern",2022-07-02,"Regular Check-In"
"Cloak of the Undead King","SSID_664327","Pern",2022-09-02,"Regular Check-In"
"Cloak of the Undead King","SSID_664327","Pern",2022-10-01,"Regular Check-In"
"Cloak of the Undead King","SSID_664327","Pern",2022-10-21,"Regular Check-In"
"Cloak of the Undead King","SSID_664327","Pern",2022-11-26,"Regular Check-In"
"Cloak of the Undead King","SSID_664327","Pern",2023-03-05,"Regular Check-In"
"Cloak of the Undead King","SSID_664327","Pern",2023-04-15,"Regular Check-In"
"Cloak of the Undead King","SSID_664327","Pern",2023-06-02,"Regular Check-In"
"Cloak of the Undead King","SSID_664327","Pern",2023-07-03,"Regular Check-In"
"Cloak of the Undead King","SSID_664327","Pern",2023-08-05,"Other"
"Cloak of the Undead King","SSID_664327","Pern",2023-10-05,"Engagement Booster"
"Cloak of the Undead King","SSID_664327","Pern",2023-11-09,"Other"
"Cloak of the Undead King","SSID_664327","Pern",2023-12-23,"Regular Check-In"
"Cloak of the Undead King","SSID_664327","Pern",2024-02-10,"Other"
"Cloak of the Undead King","SSID_105871","Arcadia",2019-06-30,"Other"
"Cloak of the Undead King","SSID_105871","Arcadia",2020-01-12,"Other"
"Cloak of the Undead King","SSID_105871","Arcadia",2020-01-31,"Other"
"Cloak of the Undead King","SSID_105871","Arcadia",2020-05-12,"Other"
"Cloak of the Undead King","SSID_105871","Arcadia",2020-09-27,"Regular Check-In"
"Cloak of the Undead King","SSID_105871","Arcadia",2020-11-08,"Regular Check-In"
"Cloak of the Undead King","SSID_105871","Arcadia",2021-03-05,"Regular Check-In"
"Cloak of the Undead King","SSID_105871","Arcadia",2021-07-05,"Regular Check-In"
"Cloak of the Undead King","SSID_105871","Arcadia",2021-09-21,"Regular Check-In"
"Cloak of the Undead King","SSID_105871","Arcadia",2022-01-14,"Regular Check-In"
"Cloak of the Undead King","SSID_105871","Arcadia",2022-04-04,"Regular Check-In"
"Cloak of the Undead King","SSID_105871","Arcadia",2022-06-20,"Other"
"Cloak of the Undead King","SSID_105871","Arcadia",2022-08-15,"Regular Check-In"
"Cloak of the Undead King","SSID_105871","Arcadia",2022-09-17,"Other"
"Cloak of the Undead King","SSID_105871","Arcadia",2022-11-11,"Other"
"Cloak of the Undead King","SSID_105871","Arcadia",2022-11-27,"Other"
"Cloak of the Undead King","SSID_105871","Arcadia",2023-05-07,"Regular Check-In"
"Cloak of the Undead King","SSID_105871","Arcadia",2023-07-17,"Regular Check-In"
"Cloak of the Undead King","SSID_105871","Arcadia",2023-07-29,"Regular Check-In"
"Cloak of the Undead King","SSID_105871","Arcadia",2023-09-23,"Other"
"Cloak of the Undead King","SSID_105871","Arcadia",2023-11-26,"Other"
"Cloak of the Undead King","SSID_742579","Magvel",2020-02-02,"Other"
"Cloak of the Undead King","SSID_742579","Magvel",2020-06-05,"Other"
"Cloak of the Undead King","SSID_742579","Magvel",2020-07-06,"Other"
"Cloak of the Undead King","SSID_742579","Magvel",2020-09-18,"Other"
"Cloak of the Undead King","SSID_742579","Magvel",2020-10-26,"Regular Check-In"
"Cloak of the Undead King","SSID_742579","Magvel",2020-12-18,"Regular Check-In"
"Cloak of the Undead King","SSID_742579","Magvel",2021-01-25,"Regular Check-In"
"Cloak of the Undead King","SSID_742579","Magvel",2021-02-27,"Regular Check-In"
"Cloak of the Undead King","SSID_742579","Magvel",2021-03-30,"Regular Check-In"
"Cloak of the Undead King","SSID_742579","Magvel",2021-05-01,"Regular Check-In"
"Cloak of the Undead King","SSID_742579","Magvel",2021-06-13,"Regular Check-In"
"Cloak of the Undead King","SSID_742579","Magvel",2021-07-27,"Regular Check-In"
"Cloak of the Undead King","SSID_742579","Magvel",2021-09-18,"Regular Check-In"
"Cloak of the Undead King","SSID_742579","Magvel",2021-12-03,"Regular Check-In"
"Cloak of the Undead King","SSID_742579","Magvel",2022-02-12,"Regular Check-In"
"Cloak of the Undead King","SSID_742579","Magvel",2022-03-27,"Regular Check-In"
"Cloak of the Undead King","SSID_742579","Magvel",2022-06-11,"Regular Check-In"
"Cloak of the Undead King","SSID_742579","Magvel",2022-08-01,"Regular Check-In"
"Cloak of the Undead King","SSID_742579","Magvel",2022-09-05,"Regular Check-In"
"Cloak of the Undead King","SSID_742579","Magvel",2022-10-24,"Regular Check-In"
"Cloak of the Undead King","SSID_742579","Magvel",2022-12-06,"Regular Check-In"
"Cloak of the Undead King","SSID_742579","Magvel",2023-02-20,"Regular Check-In"
"Cloak of the Undead King","SSID_742579","Magvel",2023-04-04,"Regular Check-In"
"Cloak of the Undead King","SSID_742579","Magvel",2023-06-19,"Regular Check-In"
"Cloak of the Undead King","SSID_742579","Magvel",2023-07-15,"Regular Check-In"
"Cloak of the Undead King","SSID_742579","Magvel",2023-10-24,"Other"
"Cloak of the Undead King","SSID_742579","Magvel",2024-02-16,"Regular Check-In"
"Cape of Velocity","SSID_910889","Mordor",2015-05-29,"Other"
"Cape of Velocity","SSID_910889","Mordor",2015-09-04,"Other"
"Cape of Velocity","SSID_910889","Mordor",2015-11-07,"Other"
"Cape of Velocity","SSID_910889","Mordor",2015-12-25,"Other"
"Cape of Velocity","SSID_910889","Mordor",2016-03-12,"Other"
"Cape of Velocity","SSID_910889","Mordor",2016-04-23,"Other"
"Cape of Velocity","SSID_910889","Mordor",2016-05-28,"Other"
"Cape of Velocity","SSID_910889","Mordor",2016-07-23,"Other"
"Cape of Velocity","SSID_910889","Mordor",2016-04-30,"Other"
"Cape of Velocity","SSID_910889","Mordor",2016-09-09,"Other"
"Cape of Velocity","SSID_910889","Mordor",2017-09-16,"Other"
"Cape of Velocity","SSID_910889","Mordor",2018-07-06,"Regular Check-In"
"Cape of Velocity","SSID_910889","Mordor",2018-04-20,"Other"
"Cape of Velocity","SSID_910889","Mordor",2018-04-29,"Other"
"Cape of Velocity","SSID_910889","Mordor",2018-11-16,"Regular Check-In"
"Cape of Velocity","SSID_910889","Mordor",2019-01-25,"Regular Check-In"
"Cape of Velocity","SSID_910889","Mordor",2019-06-21,"Regular Check-In"
"Cape of Velocity","SSID_910889","Mordor",2019-09-27,"Regular Check-In"
"Cape of Velocity","SSID_910889","Mordor",2019-12-13,"Regular Check-In"
"Cape of Velocity","SSID_910889","Mordor",2020-07-20,"Regular Check-In"
"Cape of Velocity","SSID_910889","Mordor",2020-10-30,"Regular Check-In"
"Cape of Velocity","SSID_910889","Mordor",2021-05-02,"Regular Check-In"
"Cape of Velocity","SSID_910889","Mordor",2021-11-02,"Other"
"Cape of Velocity","SSID_946104","Arcadia",2018-02-10,"Other"
"Cape of Velocity","SSID_946104","Arcadia",2018-04-21,"Other"
"Cape of Velocity","SSID_946104","Arcadia",2018-06-23,"Regular Check-In"
"Cape of Velocity","SSID_946104","Arcadia",2019-01-27,"Regular Check-In"
"Cape of Velocity","SSID_946104","Arcadia",2019-06-24,"Regular Check-In"
"Cape of Velocity","SSID_946104","Arcadia",2019-09-24,"Regular Check-In"
"Cape of Velocity","SSID_946104","Arcadia",2020-11-06,"Other"
"Cape of Velocity","SSID_946104","Arcadia",2021-11-05,"Engagement Booster"
"Cape of Velocity","SSID_476629","Avalon",2016-04-13,"Other"
"Cape of Velocity","SSID_476629","Avalon",2016-05-17,"Other"
"Cape of Velocity","SSID_476629","Avalon",2016-08-31,"Other"
"Cape of Velocity","SSID_476629","Avalon",2016-12-23,"Other"
"Cape of Velocity","SSID_476629","Avalon",2017-07-07,"Other"
"Cape of Velocity","SSID_476629","Avalon",2017-08-11,"Other"
"Cape of Velocity","SSID_476629","Avalon",2017-10-27,"Other"
"Cape of Velocity","SSID_476629","Avalon",2017-11-30,"Other"
"Cape of Velocity","SSID_476629","Avalon",2017-12-30,"Other"
"Cape of Velocity","SSID_476629","Avalon",2018-03-02,"Other"
"Cape of Velocity","SSID_476629","Avalon",2018-05-09,"Other"
"Cape of Velocity","SSID_476629","Avalon",2018-06-29,"Other"
"Cape of Velocity","SSID_476629","Avalon",2018-07-28,"Other"
"Cape of Velocity","SSID_476629","Avalon",2018-09-07,"Other"
"Cape of Velocity","SSID_476629","Avalon",2018-11-28,"Regular Check-In"
"Cape of Velocity","SSID_476629","Avalon",2019-01-11,"Regular Check-In"
"Cape of Velocity","SSID_476629","Avalon",2019-02-06,"Regular Check-In"
"Cape of Velocity","SSID_476629","Avalon",2019-03-13,"Regular Check-In"
"Cape of Velocity","SSID_476629","Avalon",2019-12-10,"Regular Check-In"
"Cape of Velocity","SSID_476629","Avalon",2022-02-23,"Other"
"Cape of Velocity","SSID_476629","Avalon",2020-05-22,"Regular Check-In"
"Cape of Velocity","SSID_476629","Avalon",2020-07-29,"Regular Check-In"
"Cape of Velocity","SSID_476629","Avalon",2021-04-22,"Regular Check-In"
"Cape of Velocity","SSID_414517","Midkemia",2017-08-03,"Other"
"Cape of Velocity","SSID_414517","Midkemia",2017-12-07,"Other"
"Cape of Velocity","SSID_414517","Midkemia",2018-04-19,"Other"
"Cape of Velocity","SSID_414517","Midkemia",2018-12-27,"Regular Check-In"
"Cape of Velocity","SSID_414517","Midkemia",2019-10-05,"Regular Check-In"
"Cape of Velocity","SSID_414517","Midkemia",2020-07-15,"Regular Check-In"
"Cape of Velocity","SSID_414517","Midkemia",2021-03-17,"Regular Check-In"
"Cape of Velocity","SSID_414517","Midkemia",2022-03-04,"Other"
"Cape of Velocity","SSID_414517","Midkemia",2022-04-19,"Other"
"Cape of Velocity","SSID_577995","Discworld",2015-12-18,"Other"
"Cape of Velocity","SSID_577995","Discworld",2016-01-24,"Other"
"Cape of Velocity","SSID_577995","Discworld",2016-02-05,"Other"
"Cape of Velocity","SSID_577995","Discworld",2016-02-29,"Other"
"Cape of Velocity","SSID_577995","Discworld",2016-03-22,"Other"
"Cape of Velocity","SSID_577995","Discworld",2016-04-04,"Other"
"Cape of Velocity","SSID_577995","Discworld",2016-04-25,"Other"
"Cape of Velocity","SSID_577995","Discworld",2016-05-21,"Other"
"Cape of Velocity","SSID_577995","Discworld",2016-06-13,"Other"
"Cape of Velocity","SSID_577995","Discworld",2016-07-03,"Other"
"Cape of Velocity","SSID_577995","Discworld",2016-07-30,"Other"
"Cape of Velocity","SSID_577995","Discworld",2016-08-26,"Other"
"Cape of Velocity","SSID_577995","Discworld",2016-10-10,"Other"
"Cape of Velocity","SSID_577995","Discworld",2016-11-26,"Other"
"Cape of Velocity","SSID_577995","Discworld",2017-01-16,"Other"
"Cape of Velocity","SSID_577995","Discworld",2017-01-28,"Other"
"Cape of Velocity","SSID_577995","Discworld",2017-02-26,"Other"
"Cape of Velocity","SSID_577995","Discworld",2017-04-28,"Other"
"Cape of Velocity","SSID_577995","Discworld",2017-06-18,"Other"
"Cape of Velocity","SSID_577995","Discworld",2018-01-13,"Other"
"Cape of Velocity","SSID_577995","Discworld",2018-05-06,"Other"
"Cape of Velocity","SSID_577995","Discworld",2018-05-19,"Other"
"Cape of Velocity","SSID_577995","Discworld",2019-08-26,"Other"
"Cape of Velocity","SSID_577995","Discworld",2020-04-17,"Regular Check-In"
"Cape of Velocity","SSID_577995","Discworld",2020-07-03,"Regular Check-In"
"Cape of Velocity","SSID_577995","Discworld",2020-08-21,"Regular Check-In"
"Cape of Velocity","SSID_577995","Discworld",2022-02-06,"Regular Check-In"
"Cape of Velocity","SSID_252389","Zanaris",2017-07-03,"Other"
"Cape of Velocity","SSID_252389","Zanaris",2017-11-04,"Other"
"Cape of Velocity","SSID_252389","Zanaris",2017-01-11,"Other"
"Cape of Velocity","SSID_252389","Zanaris",2017-05-29,"Other"
"Cape of Velocity","SSID_934943","Xanth",2016-02-15,"Other"
"Cape of Velocity","SSID_934943","Xanth",2016-05-09,"Other"
"Cape of Velocity","SSID_934943","Xanth",2016-07-25,"Other"
"Cape of Velocity","SSID_934943","Xanth",2016-08-29,"Other"
"Cape of Velocity","SSID_934943","Xanth",2016-10-29,"Other"
"Cape of Velocity","SSID_934943","Xanth",2017-02-11,"Other"
"Cape of Velocity","SSID_934943","Xanth",2017-02-25,"Other"
"Cape of Velocity","SSID_934943","Xanth",2017-04-29,"Other"
"Cape of Velocity","SSID_934943","Xanth",2017-06-27,"Other"
"Cape of Velocity","SSID_934943","Xanth",2017-10-22,"Other"
"Cape of Velocity","SSID_934943","Xanth",2018-05-20,"Other"
"Cape of Velocity","SSID_934943","Xanth",2020-08-22,"Regular Check-In"
"Cape of Velocity","SSID_934943","Xanth",2021-04-12,"Regular Check-In"
"Cape of Velocity","SSID_934943","Xanth",2022-02-07,"Other"
"Boots of Levitation","SSID_603598","Dalmasca",2021-08-17,"Regular Check-In"
"Boots of Levitation","SSID_603598","Dalmasca",2021-08-24,"Engagement Booster"
"Boots of Levitation","SSID_603598","Dalmasca",2021-12-12,"Engagement Booster"
"Boots of Levitation","SSID_440798","Numenor",2021-10-24,"Regular Check-In"
"Boots of Levitation","SSID_440798","Numenor",2022-01-03,"Regular Check-In"
"Boots of Levitation","SSID_988837","Xanth",2021-08-20,"Other"
"Boots of Levitation","SSID_988837","Xanth",2021-11-13,"Regular Check-In"
"Boots of Levitation","SSID_988837","Xanth",2022-01-14,"Regular Check-In"
"Boots of Levitation","SSID_988837","Xanth",2022-06-13,"Other"
"Cloak of the Undead King","SSID_167290","Faerûn",2017-10-19,"Other"
"Cloak of the Undead King","SSID_167290","Faerûn",2018-06-28,"Other"
"Cloak of the Undead King","SSID_167290","Faerûn",2018-08-16,"Other"
"Cloak of the Undead King","SSID_167290","Faerûn",2018-12-26,"Regular Check-In"
"Cloak of the Undead King","SSID_167290","Faerûn",2019-04-24,"Regular Check-In"
"Cloak of the Undead King","SSID_167290","Faerûn",2020-05-20,"Other"
"Cloak of the Undead King","SSID_167290","Faerûn",2021-04-27,"Regular Check-In"
"Cloak of the Undead King","SSID_167290","Faerûn",2021-10-18,"Regular Check-In"
"Cloak of the Undead King","SSID_331382","Zanaris",2019-10-07,"Other"
"Cloak of the Undead King","SSID_331382","Zanaris",2019-11-03,"Regular Check-In"
"Cloak of the Undead King","SSID_331382","Zanaris",2019-12-03,"Other"
"Cloak of the Undead King","SSID_331382","Zanaris",2020-01-05,"Regular Check-In"
"Cloak of the Undead King","SSID_331382","Zanaris",2020-04-06,"Regular Check-In"
"Cloak of the Undead King","SSID_331382","Zanaris",2020-06-16,"Regular Check-In"
"Cloak of the Undead King","SSID_331382","Zanaris",2020-07-11,"Regular Check-In"
"Cloak of the Undead King","SSID_331382","Zanaris",2020-09-15,"Regular Check-In"
"Cloak of the Undead King","SSID_331382","Zanaris",2020-11-09,"Regular Check-In"
"Cloak of the Undead King","SSID_331382","Zanaris",2021-01-04,"Other"
"Cloak of the Undead King","SSID_331382","Zanaris",2021-05-01,"Regular Check-In"
"Cloak of the Undead King","SSID_323812","Discworld",2016-07-11,"Other"
"Cloak of the Undead King","SSID_323812","Discworld",2016-08-28,"Other"
"Cloak of the Undead King","SSID_323812","Discworld",2016-12-30,"Other"
"Cloak of the Undead King","SSID_323812","Discworld",2017-04-14,"Other"
"Cloak of the Undead King","SSID_323812","Discworld",2017-11-04,"Other"
"Cloak of the Undead King","SSID_323812","Discworld",2018-05-29,"Regular Check-In"
"Cloak of the Undead King","SSID_323812","Discworld",2018-12-11,"Regular Check-In"
"Cloak of the Undead King","SSID_323812","Discworld",2019-01-11,"Regular Check-In"
"Cloak of the Undead King","SSID_323812","Discworld",2019-04-15,"Other"
"Cloak of the Undead King","SSID_323812","Discworld",2019-06-24,"Engagement Booster"
"Cloak of the Undead King","SSID_323812","Discworld",2020-06-14,"Engagement Booster"
"Cloak of the Undead King","SSID_323812","Discworld",2019-09-16,"Other"
"Cloak of the Undead King","SSID_323812","Discworld",2020-01-28,"Other"
"Cloak of the Undead King","SSID_323812","Discworld",2020-02-29,"Engagement Booster"
"Cloak of the Undead King","SSID_323812","Discworld",2020-09-04,"Regular Check-In"
"Cloak of the Undead King","SSID_323812","Discworld",2020-12-22,"Regular Check-In"
"Cloak of the Undead King","SSID_323812","Discworld",2021-05-30,"Other"
"Cloak of the Undead King","SSID_100946","Tristram",2019-09-14,"Other"
"Cloak of the Undead King","SSID_715852","Tristram",2019-03-21,"Other"
"Cloak of the Undead King","SSID_715852","Tristram",2019-04-18,"Other"
"Cloak of the Undead King","SSID_715852","Tristram",2019-05-30,"Other"
"Cloak of the Undead King","SSID_715852","Tristram",2019-06-23,"Other"
"Cloak of the Undead King","SSID_715852","Tristram",2019-08-01,"Other"
"Cloak of the Undead King","SSID_715852","Tristram",2019-08-29,"Other"
"Cloak of the Undead King","SSID_715852","Tristram",2019-10-24,"Other"
"Cloak of the Undead King","SSID_715852","Tristram",2019-11-16,"Other"
"Cloak of the Undead King","SSID_715852","Tristram",2019-12-28,"Other"
"Cloak of the Undead King","SSID_715852","Tristram",2020-03-13,"Other"
"Cloak of the Undead King","SSID_715852","Tristram",2020-12-26,"Regular Check-In"
"Cloak of the Undead King","SSID_715852","Tristram",2021-02-16,"Regular Check-In"
"Cloak of the Undead King","SSID_715852","Tristram",2021-05-28,"Other"
"Cloak of the Undead King","SSID_715852","Tristram",2021-06-26,"Regular Check-In"
"Cloak of the Undead King","SSID_715852","Tristram",2021-07-31,"Regular Check-In"
"Cloak of the Undead King","SSID_715852","Tristram",2021-10-23,"Regular Check-In"
"Cloak of the Undead King","SSID_715852","Tristram",2022-03-03,"Regular Check-In"
"Cloak of the Undead King","SSID_715852","Tristram",2022-11-18,"Regular Check-In"
"Cloak of the Undead King","SSID_715852","Tristram",2023-08-04,"Other"
"Cloak of the Undead King","SSID_715852","Tristram",2023-09-14,"Other"
"Cloak of the Undead King","SSID_380400","Tristram",2021-02-09,"Regular Check-In"
"Cloak of the Undead King","SSID_380400","Tristram",2021-11-16,"Regular Check-In"
"Cloak of the Undead King","SSID_380400","Tristram",2022-01-10,"Regular Check-In"
"Cloak of the Undead King","SSID_380400","Tristram",2022-06-29,"Regular Check-In"
"Cloak of the Undead King","SSID_380400","Tristram",2022-12-04,"Regular Check-In"
"Cloak of the Undead King","SSID_380400","Tristram",2022-12-10,"Regular Check-In"
"Cloak of the Undead King","SSID_380400","Tristram",2023-01-16,"Other"
"Cloak of the Undead King","SSID_380400","Tristram",2023-05-15,"Other"
"Cloak of the Undead King","SSID_380400","Tristram",2023-05-22,"Other"
"Cloak of the Undead King","SSID_380400","Tristram",2023-05-31,"Other"
"Cloak of the Undead King","SSID_674305","Tristram",2021-09-08,"Other"
"Cloak of the Undead King","SSID_674305","Tristram",2022-02-19,"Regular Check-In"
"Cloak of the Undead King","SSID_674305","Tristram",2022-04-16,"Regular Check-In"
"Cloak of the Undead King","SSID_674305","Tristram",2022-05-21,"Regular Check-In"
"Cloak of the Undead King","SSID_674305","Tristram",2022-07-02,"Regular Check-In"
"Cloak of the Undead King","SSID_674305","Tristram",2022-10-01,"Regular Check-In"
"Cloak of the Undead King","SSID_674305","Tristram",2022-12-03,"Regular Check-In"
"Cloak of the Undead King","SSID_674305","Tristram",2022-12-24,"Regular Check-In"
"Cloak of the Undead King","SSID_674305","Tristram",2023-04-24,"Regular Check-In"
"Cloak of the Undead King","SSID_674305","Tristram",2023-05-20,"Regular Check-In"
"Cloak of the Undead King","SSID_674305","Tristram",2023-06-24,"Other"
"Cloak of the Undead King","SSID_674305","Tristram",2023-08-19,"Other"
"Cloak of the Undead King","SSID_674305","Tristram",2023-12-23,"Other"
"Cloak of the Undead King","SSID_924857","Hydaelyn",2021-11-01,"Regular Check-In"
"Cloak of the Undead King","SSID_924857","Hydaelyn",2022-12-11,"Regular Check-In"
"Cloak of the Undead King","SSID_924857","Hydaelyn",2023-03-28,"Regular Check-In"
"Cloak of the Undead King","SSID_151432","Tyria",2020-05-16,"Regular Check-In"
"Cloak of the Undead King","SSID_151432","Tyria",2020-11-06,"Regular Check-In"
"Cloak of the Undead King","SSID_151432","Tyria",2021-02-15,"Regular Check-In"
"Cloak of the Undead King","SSID_151432","Tyria",2021-06-27,"Regular Check-In"
"Cloak of the Undead King","SSID_151432","Tyria",2022-02-26,"Other"
"Cloak of the Undead King","SSID_835888","Tristram",2019-06-15,"Regular Check-In"
"Cloak of the Undead King","SSID_835888","Tristram",2020-05-16,"Regular Check-In"
"Cloak of the Undead King","SSID_835888","Tristram",2020-10-03,"Regular Check-In"
"Cloak of the Undead King","SSID_835888","Tristram",2020-11-30,"Other"
"Cloak of the Undead King","SSID_835888","Tristram",2021-05-02,"Regular Check-In"
"Cloak of the Undead King","SSID_835888","Tristram",2021-09-07,"Other"
"Cloak of the Undead King","SSID_835888","Tristram",2021-12-13,"Other"
"Cloak of the Undead King","SSID_662238","Arcadia",2019-05-31,"Regular Check-In"
"Cloak of the Undead King","SSID_662238","Arcadia",2019-06-16,"Regular Check-In"
"Cloak of the Undead King","SSID_662238","Arcadia",2019-09-21,"Regular Check-In"
"Cloak of the Undead King","SSID_662238","Arcadia",2020-02-18,"Regular Check-In"
"Cloak of the Undead King","SSID_662238","Arcadia",2020-03-24,"Other"
"Cloak of the Undead King","SSID_662238","Arcadia",2020-08-30,"Regular Check-In"
"Cloak of the Undead King","SSID_662238","Arcadia",2020-11-01,"Other"
"Cloak of the Undead King","SSID_662238","Arcadia",2021-01-04,"Regular Check-In"
"Cloak of the Undead King","SSID_662238","Arcadia",2021-04-11,"Other"
"Cloak of the Undead King","SSID_445265","Zanaris",2019-04-22,"Regular Check-In"
"Cloak of the Undead King","SSID_445265","Zanaris",2019-05-27,"Regular Check-In"
"Cloak of the Undead King","SSID_445265","Zanaris",2019-07-26,"Other"
"Cloak of the Undead King","SSID_445265","Zanaris",2019-12-17,"Regular Check-In"
"Cloak of the Undead King","SSID_445265","Zanaris",2020-02-17,"Other"
"Cloak of the Undead King","SSID_445265","Zanaris",2020-06-22,"Other"
"Cloak of the Undead King","SSID_445265","Zanaris",2021-01-01,"Regular Check-In"
"Cloak of the Undead King","SSID_445265","Zanaris",2021-06-05,"Regular Check-In"
"Cloak of the Undead King","SSID_445265","Zanaris",2019-10-07,"Other"
"Cloak of the Undead King","SSID_607856","Faerûn",2023-12-04,"Regular Check-In"
"Elixir of Life","SSID_702958","Xanth",2022-02-25,"Regular Check-In"
"Elixir of Life","SSID_702958","Xanth",2022-07-21,"Regular Check-In"
"Elixir of Life","SSID_702958","Xanth",2022-09-16,"Regular Check-In"
"Elixir of Life","SSID_702958","Xanth",2022-12-09,"Regular Check-In"
"Elixir of Life","SSID_702958","Xanth",2023-02-17,"Other"
"Elixir of Life","SSID_702958","Xanth",2023-08-17,"Other"
"Lion’s Shield of Courage","SSID_304173","Xanth",2019-12-22,"Regular Check-In"
"Lion’s Shield of Courage","SSID_304173","Xanth",2019-10-24,"Regular Check-In"
"Lion’s Shield of Courage","SSID_304173","Xanth",2020-03-29,"Regular Check-In"
"Lion’s Shield of Courage","SSID_304173","Xanth",2020-08-29,"Regular Check-In"
"Lion’s Shield of Courage","SSID_304173","Xanth",2020-09-17,"Regular Check-In"
"Lion’s Shield of Courage","SSID_304173","Xanth",2020-10-16,"Regular Check-In"
"Lion’s Shield of Courage","SSID_304173","Xanth",2020-11-18,"Regular Check-In"
"Lion’s Shield of Courage","SSID_304173","Xanth",2021-03-05,"Regular Check-In"
"Lion’s Shield of Courage","SSID_304173","Xanth",2021-03-26,"Other"
"Lion’s Shield of Courage","SSID_437401","Arnor",2019-11-11,"Regular Check-In"
"Lion’s Shield of Courage","SSID_437401","Arnor",2020-04-09,"Other"
"Lion’s Shield of Courage","SSID_437401","Arnor",2020-08-06,"Other"
"Lion’s Shield of Courage","SSID_437401","Arnor",2020-12-19,"Other"
"Lion’s Shield of Courage","SSID_437401","Arnor",2021-03-22,"Regular Check-In"
"Lion’s Shield of Courage","SSID_437401","Arnor",2021-04-03,"Regular Check-In"
"Lion’s Shield of Courage","SSID_437401","Arnor",2021-07-30,"Other"
"Lion’s Shield of Courage","SSID_175896","Tevinter",2019-12-02,"Regular Check-In"
"Lion’s Shield of Courage","SSID_175896","Tevinter",2020-02-14,"Regular Check-In"
"Lion’s Shield of Courage","SSID_175896","Tevinter",2020-05-03,"Regular Check-In"
"Lion’s Shield of Courage","SSID_175896","Tevinter",2020-07-11,"Regular Check-In"
"Lion’s Shield of Courage","SSID_175896","Tevinter",2020-09-06,"Regular Check-In"
"Lion’s Shield of Courage","SSID_175896","Tevinter",2020-11-19,"Regular Check-In"
"Lion’s Shield of Courage","SSID_175896","Tevinter",2021-02-21,"Regular Check-In"
"Lion’s Shield of Courage","SSID_175896","Tevinter",2021-03-22,"Other"
"Lion’s Shield of Courage","SSID_175896","Tevinter",2021-06-11,"Other"
"Boots of Levitation","SSID_565878","Rivendell",2019-08-02,"Regular Check-In"
"Boots of Levitation","SSID_565878","Rivendell",2019-10-26,"Other"
"Boots of Levitation","SSID_565878","Rivendell",2020-01-25,"Regular Check-In"
"Boots of Levitation","SSID_565878","Rivendell",2020-04-03,"Regular Check-In"
"Boots of Levitation","SSID_565878","Rivendell",2020-04-25,"Regular Check-In"
"Boots of Levitation","SSID_565878","Rivendell",2020-06-28,"Regular Check-In"
"Boots of Levitation","SSID_565878","Rivendell",2020-07-24,"Regular Check-In"
"Boots of Levitation","SSID_565878","Rivendell",2020-08-14,"Regular Check-In"
"Boots of Levitation","SSID_565878","Rivendell",2020-09-02,"Regular Check-In"
"Boots of Levitation","SSID_531709","Pern",2019-10-08,"Other"
"Elixir of Life","SSID_321070","Arnor",2021-09-26,"Regular Check-In"
"Elixir of Life","SSID_321070","Arnor",2022-01-02,"Regular Check-In"
"Elixir of Life","SSID_321070","Arnor",2022-01-24,"Regular Check-In"
"Elixir of Life","SSID_321070","Arnor",2022-02-27,"Regular Check-In"
"Elixir of Life","SSID_321070","Arnor",2022-03-30,"Regular Check-In"
"Elixir of Life","SSID_321070","Arnor",2022-02-21,"Regular Check-In"
"Elixir of Life","SSID_321070","Arnor",2022-05-25,"Other"
"Elixir of Life","SSID_321070","Arnor",2021-11-07,"Regular Check-In"
"Elixir of Life","SSID_321070","Arnor",2022-10-19,"Other"
"Elixir of Life","SSID_714168","Tyria",2021-04-06,"Engagement Booster"
"Elixir of Life","SSID_189401","Xanth",2020-03-01,"Regular Check-In"
"Elixir of Life","SSID_189401","Xanth",2019-12-25,"Regular Check-In"
"Elixir of Life","SSID_189401","Xanth",2020-12-27,"Other"
"Elixir of Life","SSID_189401","Xanth",2021-06-21,"Regular Check-In"
"Elixir of Life","SSID_189401","Xanth",2020-11-01,"Regular Check-In"
"Elixir of Life","SSID_189401","Xanth",2020-05-26,"Regular Check-In"
"Elixir of Life","SSID_539065","Doriath",2021-08-20,"Other"
"Elixir of Life","SSID_539065","Doriath",2020-10-21,"Regular Check-In"
"Elixir of Life","SSID_539065","Doriath",2020-12-30,"Regular Check-In"
"Elixir of Life","SSID_539065","Doriath",2021-07-14,"Regular Check-In"
"Elixir of Life","SSID_539065","Doriath",2018-10-02,"Regular Check-In"
"Elixir of Life","SSID_539065","Doriath",2019-01-31,"Regular Check-In"
"Elixir of Life","SSID_539065","Doriath",2019-04-04,"Regular Check-In"
"Elixir of Life","SSID_539065","Doriath",2019-06-26,"Regular Check-In"
"Elixir of Life","SSID_539065","Doriath",2019-09-26,"Regular Check-In"
"Elixir of Life","SSID_539065","Doriath",2020-09-02,"Regular Check-In"
"Elixir of Life","SSID_539065","Doriath",2020-04-14,"Regular Check-In"
"Elixir of Life","SSID_539065","Doriath",2020-07-14,"Regular Check-In"
"Elixir of Life","SSID_539065","Doriath",2019-12-19,"Regular Check-In"
"Elixir of Life","SSID_222041","Tyria",2021-01-07,"Regular Check-In"
"Elixir of Life","SSID_222041","Tyria",2021-02-11,"Other"
"Elixir of Life","SSID_222041","Tyria",2019-10-05,"Other"
"Elixir of Life","SSID_222041","Tyria",2020-02-06,"Regular Check-In"
"Elixir of Life","SSID_222041","Tyria",2019-01-23,"Regular Check-In"
"Elixir of Life","SSID_222041","Tyria",2018-10-31,"Regular Check-In"
"Elixir of Life","SSID_222041","Tyria",2021-09-08,"Other"
"Elixir of Life","SSID_222041","Tyria",2021-05-25,"Other"
"Elixir of Life","SSID_965544","Arcadia",2019-02-19,"Regular Check-In"
"Elixir of Life","SSID_965544","Arcadia",2019-02-28,"Regular Check-In"
"Elixir of Life","SSID_965544","Arcadia",2019-03-19,"Regular Check-In"
"Elixir of Life","SSID_965544","Arcadia",2019-05-24,"Regular Check-In"
"Elixir of Life","SSID_965544","Arcadia",2019-09-06,"Regular Check-In"
"Elixir of Life","SSID_965544","Arcadia",2019-11-02,"Regular Check-In"
"Elixir of Life","SSID_965544","Arcadia",2019-12-27,"Other"
"Elixir of Life","SSID_965544","Arcadia",2020-04-07,"Engagement Booster"
"Elixir of Life","SSID_965544","Arcadia",2020-04-22,"Engagement Booster"
"Elixir of Life","SSID_380720","Tevinter",2020-02-25,"Regular Check-In"
"Elixir of Life","SSID_380720","Tevinter",2020-04-09,"Regular Check-In"
"Elixir of Life","SSID_380720","Tevinter",2020-07-03,"Regular Check-In"
"Elixir of Life","SSID_380720","Tevinter",2020-09-03,"Regular Check-In"
"Elixir of Life","SSID_380720","Tevinter",2020-11-03,"Other"
"Elixir of Life","SSID_380720","Tevinter",2020-12-01,"Engagement Booster"
"Elixir of Life","SSID_380720","Tevinter",2021-01-21,"Engagement Booster"
"Elixir of Life","SSID_380720","Tevinter",2021-02-16,"Engagement Booster"
"Elixir of Life","SSID_380720","Tevinter",2021-04-08,"Engagement Booster"
"Elixir of Life","SSID_380720","Tevinter",2021-05-06,"Other"
"Elixir of Life","SSID_380720","Tevinter",2021-06-02,"Other"
"Elixir of Life","SSID_380720","Tevinter",2021-07-06,"Other"
"Elixir of Life","SSID_380720","Tevinter",2021-07-29,"Other"
"Elixir of Life","SSID_380720","Tevinter",2021-08-26,"Engagement Booster"
"Elixir of Life","SSID_380720","Tevinter",2021-09-15,"Engagement Booster"
"Elixir of Life","SSID_764374","Tristram",2018-12-11,"Regular Check-In"
"Elixir of Life","SSID_764374","Tristram",2019-08-27,"Regular Check-In"
"Elixir of Life","SSID_764374","Tristram",2019-09-26,"Regular Check-In"
"Elixir of Life","SSID_764374","Tristram",2019-11-03,"Regular Check-In"
"Elixir of Life","SSID_764374","Tristram",2019-12-24,"Regular Check-In"
"Elixir of Life","SSID_764374","Tristram",2020-01-28,"Regular Check-In"
"Elixir of Life","SSID_764374","Tristram",2020-03-02,"Regular Check-In"
"Elixir of Life","SSID_764374","Tristram",2020-04-28,"Regular Check-In"
"Elixir of Life","SSID_764374","Tristram",2020-06-03,"Regular Check-In"
"Elixir of Life","SSID_764374","Tristram",2020-07-17,"Regular Check-In"
"Elixir of Life","SSID_764374","Tristram",2020-08-26,"Regular Check-In"
"Elixir of Life","SSID_764374","Tristram",2020-10-11,"Regular Check-In"
"Elixir of Life","SSID_764374","Tristram",2020-11-30,"Regular Check-In"
"Elixir of Life","SSID_764374","Tristram",2021-01-27,"Regular Check-In"
"Elixir of Life","SSID_764374","Tristram",2021-04-06,"Regular Check-In"
"Elixir of Life","SSID_764374","Tristram",2021-05-04,"Other"
"Elixir of Life","SSID_764374","Tristram",2021-06-30,"Other"
"Elixir of Life","SSID_764374","Tristram",2021-08-09,"Other"
"Elixir of Life","SSID_764374","Tristram",2021-08-31,"Other"
"Elixir of Life","SSID_764374","Tristram",2021-09-22,"Other"
"Elixir of Life","SSID_764374","Tristram",2021-10-20,"Other"
"Elixir of Life","SSID_764374","Tristram",2019-02-20,"Regular Check-In"
"Elixir of Life","SSID_764374","Tristram",2019-04-16,"Regular Check-In"
"Elixir of Life","SSID_764374","Tristram",2019-07-22,"Regular Check-In"
"Elixir of Life","SSID_764374","Tristram",2019-01-14,"Regular Check-In"
"Elixir of Life","SSID_479452","Fódlan",2018-01-31,"Other"
"Elixir of Life","SSID_479452","Fódlan",2018-04-24,"Regular Check-In"
"Elixir of Life","SSID_479452","Fódlan",2018-08-14,"Regular Check-In"
"Elixir of Life","SSID_479452","Fódlan",2018-12-18,"Regular Check-In"
"Elixir of Life","SSID_479452","Fódlan",2019-05-07,"Regular Check-In"
"Elixir of Life","SSID_479452","Fódlan",2019-09-04,"Regular Check-In"
"Elixir of Life","SSID_479452","Fódlan",2019-12-24,"Other"
"Elixir of Life","SSID_970295","Ferelden",2018-08-17,"Regular Check-In"
"Elixir of Life","SSID_970295","Ferelden",2019-01-23,"Regular Check-In"
"Elixir of Life","SSID_970295","Ferelden",2019-08-15,"Regular Check-In"
"Elixir of Life","SSID_970295","Ferelden",2020-01-08,"Engagement Booster"
"Elixir of Life","SSID_970295","Ferelden",2020-07-03,"Regular Check-In"
"Elixir of Life","SSID_970295","Ferelden",2021-02-03,"Other"
"Elixir of Life","SSID_970295","Ferelden",2021-05-07,"Other"
"Elixir of Life","SSID_970295","Ferelden",2021-09-24,"Other"
"Elixir of Life","SSID_416265","Xanth",2019-08-15,"Regular Check-In"
"Elixir of Life","SSID_416265","Xanth",2020-09-11,"Regular Check-In"
"Elixir of Life","SSID_416265","Xanth",2021-08-23,"Other"
"Elixir of Life","SSID_711356","Xanth",2018-09-03,"Regular Check-In"
"Elixir of Life","SSID_711356","Xanth",2018-11-14,"Regular Check-In"
"Elixir of Life","SSID_711356","Xanth",2019-08-19,"Regular Check-In"
"Elixir of Life","SSID_711356","Xanth",2019-10-09,"Regular Check-In"
"Elixir of Life","SSID_711356","Xanth",2020-02-04,"Other"
"Elixir of Life","SSID_711356","Xanth",2020-07-21,"Regular Check-In"
"Elixir of Life","SSID_711356","Xanth",2021-03-09,"Regular Check-In"
"Elixir of Life","SSID_711356","Xanth",2021-09-02,"Other"
"Elixir of Life","SSID_710792","Mirkwood",2022-01-14,"Engagement Booster"
"Elixir of Life","SSID_710792","Mirkwood",2022-01-14,"Engagement Booster"
"Elixir of Life","SSID_574511","Tristram",2021-06-23,"Other"
"Elixir of Life","SSID_336060","Pyrrhia",2021-03-10,"Other"
"Elixir of Life","SSID_336060","Pyrrhia",2021-07-09,"Other"
"Elixir of Life","SSID_320872","Xanth",2021-05-21,"Other"
"Elixir of Life","SSID_320872","Xanth",2021-08-18,"Engagement Booster"
"Cloak of the Undead King","SSID_614716","Faerûn",2019-07-11,"Other"
"Cloak of the Undead King","SSID_614716","Faerûn",2019-09-28,"Other"
"Cloak of the Undead King","SSID_614716","Faerûn",2019-12-05,"Other"
"Cloak of the Undead King","SSID_614716","Faerûn",2019-12-20,"Other"
"Cloak of the Undead King","SSID_614716","Faerûn",2020-03-07,"Other"
"Cloak of the Undead King","SSID_614716","Faerûn",2020-04-16,"Other"
"Cloak of the Undead King","SSID_614716","Faerûn",2020-05-22,"Other"
"Cloak of the Undead King","SSID_614716","Faerûn",2020-09-12,"Regular Check-In"
"Cloak of the Undead King","SSID_614716","Faerûn",2020-11-18,"Regular Check-In"
"Cloak of the Undead King","SSID_614716","Faerûn",2021-01-28,"Regular Check-In"
"Cloak of the Undead King","SSID_614716","Faerûn",2021-03-17,"Regular Check-In"
"Cloak of the Undead King","SSID_614716","Faerûn",2021-05-04,"Other"
"Cloak of the Undead King","SSID_614716","Faerûn",2021-05-22,"Regular Check-In"
"Cloak of the Undead King","SSID_614716","Faerûn",2021-08-11,"Regular Check-In"
"Cloak of the Undead King","SSID_614716","Faerûn",2021-11-19,"Regular Check-In"
"Cloak of the Undead King","SSID_614716","Faerûn",2022-02-26,"Regular Check-In"
"Cloak of the Undead King","SSID_614716","Faerûn",2022-05-26,"Regular Check-In"
"Cloak of the Undead King","SSID_614716","Faerûn",2022-11-23,"Regular Check-In"
"Cloak of the Undead King","SSID_614716","Faerûn",2023-01-21,"Regular Check-In"
"Cloak of the Undead King","SSID_614716","Faerûn",2023-03-24,"Regular Check-In"
"Cloak of the Undead King","SSID_614716","Faerûn",2023-05-31,"Regular Check-In"
"Cloak of the Undead King","SSID_614716","Faerûn",2024-01-03,"Other"
"Boots of Levitation","SSID_921234","Eldoria",2021-09-15,"Other"
"Boots of Levitation","SSID_921234","Eldoria",2021-11-03,"Regular Check-In"
"Boots of Levitation","SSID_209785","Xanth",2021-09-01,"Other"
"Boots of Levitation","SSID_198978","Mordor",2018-10-16,"Regular Check-In"
"Boots of Levitation","SSID_198978","Mordor",2019-01-02,"Regular Check-In"
"Boots of Levitation","SSID_198978","Mordor",2019-04-05,"Regular Check-In"
"Boots of Levitation","SSID_198978","Mordor",2019-07-23,"Regular Check-In"
"Boots of Levitation","SSID_198978","Mordor",2020-04-22,"Regular Check-In"
"Boots of Levitation","SSID_198978","Mordor",2019-11-19,"Regular Check-In"
"Elixir of Life","SSID_719830","Xanth",2022-10-07,"Regular Check-In"
"Elixir of Life","SSID_719830","Xanth",2023-01-12,"Regular Check-In"
"Elixir of Life","SSID_719830","Xanth",2023-06-10,"Regular Check-In"
"Cloak of the Undead King","SSID_477494","Tristram",2020-01-27,"Regular Check-In"
"Cloak of the Undead King","SSID_477494","Tristram",2020-04-05,"Regular Check-In"
"Cloak of the Undead King","SSID_477494","Tristram",2020-05-29,"Regular Check-In"
"Cloak of the Undead King","SSID_477494","Tristram",2020-06-21,"Regular Check-In"
"Cloak of the Undead King","SSID_477494","Tristram",2020-07-24,"Regular Check-In"
"Cloak of the Undead King","SSID_477494","Tristram",2020-08-22,"Regular Check-In"
"Cloak of the Undead King","SSID_477494","Tristram",2020-09-18,"Regular Check-In"
"Cloak of the Undead King","SSID_477494","Tristram",2020-10-19,"Regular Check-In"
"Cloak of the Undead King","SSID_477494","Tristram",2020-11-28,"Regular Check-In"
"Cloak of the Undead King","SSID_477494","Tristram",2021-01-11,"Other"
"Cloak of the Undead King","SSID_477494","Tristram",2021-03-04,"Other"
"Cloak of the Undead King","SSID_477494","Tristram",2021-04-03,"Other"
"Cloak of the Undead King","SSID_477494","Tristram",2021-05-08,"Other"
"Cloak of the Undead King","SSID_477494","Tristram",2021-06-19,"Other"
"Boots of Levitation","SSID_686836","Tyria",2020-12-16,"Regular Check-In"
"Boots of Levitation","SSID_686836","Tyria",2021-04-09,"Regular Check-In"
"Boots of Levitation","SSID_686836","Tyria",2021-06-18,"Other"
"Boots of Levitation","SSID_686836","Tyria",2021-10-01,"Other"
"Boots of Levitation","SSID_686836","Tyria",2022-02-17,"Other"
"Boots of Levitation","SSID_867481","Xanth",2021-01-05,"Regular Check-In"
"Boots of Levitation","SSID_867481","Xanth",2021-04-01,"Regular Check-In"
"Boots of Levitation","SSID_867481","Xanth",2021-07-29,"Regular Check-In"
"Boots of Levitation","SSID_867481","Xanth",2021-12-01,"Regular Check-In"
"Boots of Levitation","SSID_867481","Xanth",2022-02-09,"Other"
"Boots of Levitation","SSID_867481","Xanth",2022-04-06,"Other"
"Boots of Levitation","SSID_252118","Tristram",2023-09-09,"Other"
"Boots of Levitation","SSID_873147","Tamriel",2021-02-20,"Regular Check-In"
"Boots of Levitation","SSID_873147","Tamriel",2021-04-18,"Regular Check-In"
"Boots of Levitation","SSID_873147","Tamriel",2021-09-05,"Other"
"Boots of Levitation","SSID_471368","Midkemia",2022-03-14,"Regular Check-In"
"Boots of Levitation","SSID_471368","Midkemia",2022-07-06,"Other"
"Boots of Levitation","SSID_471368","Midkemia",2022-11-16,"Engagement Booster"
"Boots of Levitation","SSID_304571","Discworld",2022-10-25,"Other"
"Boots of Levitation","SSID_304571","Discworld",2022-11-30,"Other"
"Boots of Levitation","SSID_222347","Tevinter",2022-05-17,"Regular Check-In"
"Boots of Levitation","SSID_222347","Tevinter",2022-09-25,"Regular Check-In"
"Boots of Levitation","SSID_717473","Lemuria",2022-07-06,"Other"
"Boots of Levitation","SSID_717473","Lemuria",2022-10-01,"Regular Check-In"
"Boots of Levitation","SSID_717473","Lemuria",2022-11-15,"Regular Check-In"
"Boots of Levitation","SSID_410969","Xanth",2022-11-19,"Other"
"Boots of Levitation","SSID_410969","Xanth",2023-01-17,"Other"
"Boots of Levitation","SSID_631051","Xanth",2022-10-25,"Regular Check-In"
"Boots of Levitation","SSID_631051","Xanth",2023-01-23,"Regular Check-In"
"Boots of Levitation","SSID_631051","Xanth",2023-04-08,"Regular Check-In"
"Cloak of the Undead King","SSID_608968","Mordor",2021-06-01,"Other"
"Cloak of the Undead King","SSID_515778","Mordor",2022-08-27,"Other"
"Cloak of the Undead King","SSID_183742","Tristram",2021-12-10,"Other"
"Cloak of the Undead King","SSID_183742","Tristram",2022-03-05,"Other"
"Cloak of the Undead King","SSID_183742","Tristram",2022-04-10,"Other"
"Cloak of the Undead King","SSID_183742","Tristram",2022-05-15,"Other"
"Cloak of the Undead King","SSID_183742","Tristram",2022-08-20,"Other"
"Cloak of the Undead King","SSID_526890","Arcadia",2021-09-19,"Other"
"Cloak of the Undead King","SSID_526890","Arcadia",2021-10-07,"Other"
"Cloak of the Undead King","SSID_526890","Arcadia",2021-12-02,"Other"
"Cloak of the Undead King","SSID_526890","Arcadia",2022-01-12,"Other"
"Boots of Levitation","SSID_767934","Mordor",2019-11-29,"Other"
"Boots of Levitation","SSID_767934","Mordor",2020-01-20,"Regular Check-In"
"Boots of Levitation","SSID_767934","Mordor",2020-05-18,"Regular Check-In"
"Boots of Levitation","SSID_767934","Mordor",2020-11-30,"Regular Check-In"
"Boots of Levitation","SSID_767934","Mordor",2021-03-20,"Other"
"Boots of Levitation","SSID_873364","Faerûn",2020-08-31,"Regular Check-In"
"Boots of Levitation","SSID_873364","Faerûn",2020-12-11,"Regular Check-In"
"Boots of Levitation","SSID_873364","Faerûn",2021-04-03,"Other"
"Boots of Levitation","SSID_511855","Rivia",2020-06-28,"Regular Check-In"
"Boots of Levitation","SSID_511855","Rivia",2020-09-18,"Regular Check-In"
"Boots of Levitation","SSID_511855","Rivia",2020-11-30,"Regular Check-In"
"Boots of Levitation","SSID_511855","Rivia",2021-01-11,"Regular Check-In"
"Boots of Levitation","SSID_511855","Rivia",2021-06-13,"Regular Check-In"
"Boots of Levitation","SSID_156053","Atlantis",2020-06-22,"Regular Check-In"
"Boots of Levitation","SSID_156053","Atlantis",2020-10-03,"Regular Check-In"
"Boots of Levitation","SSID_156053","Atlantis",2021-01-09,"Regular Check-In"
"Boots of Levitation","SSID_156053","Atlantis",2021-05-01,"Regular Check-In"
"Cloak of the Undead King","SSID_901611","Dalmasca",2022-03-01,"Other"
"Cloak of the Undead King","SSID_901611","Dalmasca",2022-06-28,"Other"
"Cloak of the Undead King","SSID_901611","Dalmasca",2022-07-20,"Other"
"Cloak of the Undead King","SSID_835379","Arcadia",2022-04-15,"Regular Check-In"
"Cloak of the Undead King","SSID_835379","Arcadia",2022-08-17,"Other"
"Cloak of the Undead King","SSID_338941","Erewhon",2021-12-19,"Regular Check-In"
"Cloak of the Undead King","SSID_338941","Erewhon",2022-03-28,"Other"
"Cloak of the Undead King","SSID_525549","Arcadia",2021-03-19,"Regular Check-In"
"Cloak of the Undead King","SSID_525549","Arcadia",2021-06-11,"Regular Check-In"
"Cloak of the Undead King","SSID_525549","Arcadia",2021-12-10,"Regular Check-In"
"Boots of Levitation","SSID_645125","Tristram",2022-06-17,"Other"
"Boots of Levitation","SSID_645125","Tristram",2022-09-10,"Regular Check-In"
"Boots of Levitation","SSID_645125","Tristram",2022-10-22,"Regular Check-In"
"Boots of Levitation","SSID_645125","Tristram",2023-01-14,"Regular Check-In"
"Boots of Levitation","SSID_645125","Tristram",2023-03-11,"Regular Check-In"
"Boots of Levitation","SSID_645125","Tristram",2023-05-15,"Other"
"Boots of Levitation","SSID_645125","Tristram",2023-06-25,"Other"
"Boots of Levitation","SSID_645125","Tristram",2023-08-26,"Other"
"Boots of Levitation","SSID_645125","Tristram",2023-09-30,"Other"
"Boots of Levitation","SSID_645125","Tristram",2023-11-25,"Other"
"Boots of Levitation","SSID_198517","Tristram",2022-09-18,"Other"
"Boots of Levitation","SSID_198517","Tristram",2023-01-05,"Regular Check-In"
"Boots of Levitation","SSID_198517","Tristram",2023-03-02,"Regular Check-In"
"Boots of Levitation","SSID_198517","Tristram",2023-05-05,"Other"
"Boots of Levitation","SSID_198517","Tristram",2023-07-13,"Other"
"Boots of Levitation","SSID_198517","Tristram",2023-09-07,"Other"
"Boots of Levitation","SSID_198517","Tristram",2023-11-04,"Other"
"Boots of Levitation","SSID_126843","Xanth",2023-06-15,"Other"
"Boots of Levitation","SSID_609455","Xanth",2023-06-20,"Other"
"Cloak of the Undead King","SSID_362988","Faerûn",2020-09-17,"Other"
"Cloak of the Undead King","SSID_362988","Faerûn",2020-01-22,"Regular Check-In"
"Cloak of the Undead King","SSID_362988","Faerûn",2020-04-04,"Regular Check-In"
"Cloak of the Undead King","SSID_362988","Faerûn",2020-06-05,"Regular Check-In"
"Cloak of the Undead King","SSID_362988","Faerûn",2021-01-22,"Regular Check-In"
"Cloak of the Undead King","SSID_362988","Faerûn",2021-03-25,"Regular Check-In"
"Cloak of the Undead King","SSID_362988","Faerûn",2021-06-02,"Regular Check-In"
"Cloak of the Undead King","SSID_362988","Faerûn",2023-03-04,"Regular Check-In"
"Cloak of the Undead King","SSID_362988","Faerûn",2021-09-08,"Regular Check-In"
"Cloak of the Undead King","SSID_362988","Faerûn",2022-01-27,"Regular Check-In"
"Cloak of the Undead King","SSID_362988","Faerûn",2022-08-27,"Regular Check-In"
"Cloak of the Undead King","SSID_621284","Arcadia",2020-03-20,"Regular Check-In"
"Cloak of the Undead King","SSID_621284","Arcadia",2019-11-07,"Regular Check-In"
"Cloak of the Undead King","SSID_621284","Arcadia",2020-04-05,"Regular Check-In"
"Cloak of the Undead King","SSID_621284","Arcadia",2020-06-13,"Regular Check-In"
"Cloak of the Undead King","SSID_621284","Arcadia",2020-07-09,"Regular Check-In"
"Cloak of the Undead King","SSID_621284","Arcadia",2020-07-22,"Regular Check-In"
"Cloak of the Undead King","SSID_621284","Arcadia",2020-09-03,"Regular Check-In"
"Cloak of the Undead King","SSID_621284","Arcadia",2020-11-11,"Regular Check-In"
"Cloak of the Undead King","SSID_621284","Arcadia",2020-11-29,"Regular Check-In"
"Cloak of the Undead King","SSID_621284","Arcadia",2021-02-18,"Engagement Booster"
"Cloak of the Undead King","SSID_621284","Arcadia",2021-03-13,"Regular Check-In"
"Cloak of the Undead King","SSID_621284","Arcadia",2021-04-09,"Regular Check-In"
"Cloak of the Undead King","SSID_621284","Arcadia",2021-07-03,"Regular Check-In"
"Cloak of the Undead King","SSID_621284","Arcadia",2021-09-08,"Engagement Booster"
"Cloak of the Undead King","SSID_621284","Arcadia",2021-09-30,"Regular Check-In"
"Cloak of the Undead King","SSID_621284","Arcadia",2021-12-02,"Regular Check-In"
"Cloak of the Undead King","SSID_621284","Arcadia",2022-01-23,"Regular Check-In"
"Cloak of the Undead King","SSID_621284","Arcadia",2022-04-28,"Other"
"Cloak of the Undead King","SSID_621284","Arcadia",2022-06-12,"Regular Check-In"
"Cloak of the Undead King","SSID_621284","Arcadia",2022-09-10,"Other"
"Cloak of the Undead King","SSID_621284","Arcadia",2022-09-29,"Regular Check-In"
"Cloak of the Undead King","SSID_621284","Arcadia",2023-01-22,"Other"
"Cloak of the Undead King","SSID_621284","Arcadia",2023-05-17,"Other"
"Cloak of the Undead King","SSID_881739","Tamriel",2019-12-13,"Regular Check-In"
"Cloak of the Undead King","SSID_881739","Tamriel",2020-01-24,"Regular Check-In"
"Cloak of the Undead King","SSID_881739","Tamriel",2020-03-06,"Regular Check-In"
"Cloak of the Undead King","SSID_881739","Tamriel",2020-04-02,"Regular Check-In"
"Cloak of the Undead King","SSID_881739","Tamriel",2020-04-17,"Regular Check-In"
"Cloak of the Undead King","SSID_881739","Tamriel",2020-06-05,"Regular Check-In"
"Cloak of the Undead King","SSID_881739","Tamriel",2020-08-07,"Regular Check-In"
"Cloak of the Undead King","SSID_881739","Tamriel",2020-10-14,"Regular Check-In"
"Cloak of the Undead King","SSID_881739","Tamriel",2020-11-11,"Regular Check-In"
"Cloak of the Undead King","SSID_881739","Tamriel",2021-01-30,"Regular Check-In"
"Cloak of the Undead King","SSID_881739","Tamriel",2021-03-27,"Regular Check-In"
"Cloak of the Undead King","SSID_881739","Tamriel",2021-05-19,"Regular Check-In"
"Cloak of the Undead King","SSID_881739","Tamriel",2021-07-07,"Regular Check-In"
"Cloak of the Undead King","SSID_881739","Tamriel",2021-08-25,"Regular Check-In"
"Cloak of the Undead King","SSID_881739","Tamriel",2021-10-13,"Regular Check-In"
"Cloak of the Undead King","SSID_881739","Tamriel",2021-12-10,"Regular Check-In"
"Cloak of the Undead King","SSID_881739","Tamriel",2022-11-09,"Regular Check-In"
"Cloak of the Undead King","SSID_881739","Tamriel",2022-02-25,"Regular Check-In"
"Cloak of the Undead King","SSID_881739","Tamriel",2022-04-27,"Regular Check-In"
"Cloak of the Undead King","SSID_881739","Tamriel",2022-06-22,"Regular Check-In"
"Cloak of the Undead King","SSID_881739","Tamriel",2022-08-19,"Regular Check-In"
"Cloak of the Undead King","SSID_881739","Tamriel",2022-10-14,"Regular Check-In"
"Cloak of the Undead King","SSID_881739","Tamriel",2023-01-21,"Regular Check-In"
"Cloak of the Undead King","SSID_881739","Tamriel",2023-03-11,"Regular Check-In"
"Cloak of the Undead King","SSID_154341","Beleriand",2021-04-30,"Regular Check-In"
"Cloak of the Undead King","SSID_154341","Beleriand",2022-04-11,"Regular Check-In"
"Cloak of the Undead King","SSID_176052","Arcadia",2020-06-23,"Regular Check-In"
"Cloak of the Undead King","SSID_176052","Arcadia",2021-07-22,"Regular Check-In"
"Cloak of the Undead King","SSID_176052","Arcadia",2022-06-21,"Other"
"Cloak of the Undead King","SSID_176052","Arcadia",2022-06-21,"Other"
"Cloak of the Undead King","SSID_176052","Arcadia",2022-06-21,"Other"
"Badge of Courage","SSID_783498","Fódlan",2018-06-14,"Other"
"Badge of Courage","SSID_783498","Fódlan",2018-08-04,"Other"
"Badge of Courage","SSID_783498","Fódlan",2018-08-22,"Other"
"Badge of Courage","SSID_783498","Fódlan",2018-09-15,"Other"
"Badge of Courage","SSID_783498","Fódlan",2018-12-08,"Other"
"Badge of Courage","SSID_783498","Fódlan",2019-03-14,"Regular Check-In"
"Badge of Courage","SSID_783498","Fódlan",2019-10-23,"Regular Check-In"
"Badge of Courage","SSID_783498","Fódlan",2019-11-30,"Regular Check-In"
"Cloak of the Undead King","SSID_194696","Xanth",2021-07-12,"Regular Check-In"
"Cloak of the Undead King","SSID_194696","Xanth",2021-04-19,"Other"
"Cloak of the Undead King","SSID_194696","Xanth",2021-08-30,"Other"
"Cloak of the Undead King","SSID_194696","Xanth",2021-10-04,"Other"
"Cloak of the Undead King","SSID_194696","Xanth",2021-11-08,"Other"
"Cape of Velocity","SSID_637035","Pyrrhia",2023-01-21,"Regular Check-In"
"Cape of Velocity","SSID_637035","Pyrrhia",2023-05-22,"Other"
"Cape of Velocity","SSID_637035","Pyrrhia",2023-10-29,"Other"
"Cape of Velocity","SSID_637035","Pyrrhia",2024-01-12,"Other"
"Cape of Velocity","SSID_724591","Faerûn",2019-10-06,"Regular Check-In"
"Cape of Velocity","SSID_724591","Faerûn",2020-02-20,"Regular Check-In"
"Cape of Velocity","SSID_724591","Faerûn",2020-03-26,"Regular Check-In"
"Cape of Velocity","SSID_724591","Faerûn",2020-06-17,"Regular Check-In"
"Cape of Velocity","SSID_724591","Faerûn",2020-08-23,"Regular Check-In"
"Cape of Velocity","SSID_724591","Faerûn",2020-11-10,"Regular Check-In"
"Cape of Velocity","SSID_724591","Faerûn",2021-01-18,"Regular Check-In"
"Cape of Velocity","SSID_724591","Faerûn",2021-04-06,"Regular Check-In"
"Cape of Velocity","SSID_724591","Faerûn",2021-06-15,"Regular Check-In"
"Cape of Velocity","SSID_724591","Faerûn",2021-08-31,"Regular Check-In"
"Cape of Velocity","SSID_724591","Faerûn",2021-11-21,"Regular Check-In"
"Cape of Velocity","SSID_724591","Faerûn",2022-03-06,"Regular Check-In"
"Cape of Velocity","SSID_927589","Arcadia",2019-04-08,"Regular Check-In"
"Cape of Velocity","SSID_927589","Arcadia",2019-08-20,"Regular Check-In"
"Cape of Velocity","SSID_927589","Arcadia",2020-01-07,"Regular Check-In"
"Cape of Velocity","SSID_927589","Arcadia",2020-01-29,"Regular Check-In"
"Cape of Velocity","SSID_927589","Arcadia",2020-04-08,"Regular Check-In"
"Cape of Velocity","SSID_927589","Arcadia",2020-05-13,"Regular Check-In"
"Cape of Velocity","SSID_927589","Arcadia",2020-08-03,"Regular Check-In"
"Cape of Velocity","SSID_927589","Arcadia",2020-10-06,"Regular Check-In"
"Cape of Velocity","SSID_927589","Arcadia",2021-03-27,"Regular Check-In"
"Cape of Velocity","SSID_927589","Arcadia",2021-06-15,"Regular Check-In"
"Cape of Velocity","SSID_927589","Arcadia",2020-12-27,"Regular Check-In"
"Cape of Velocity","SSID_927589","Arcadia",2021-08-30,"Regular Check-In"
"Cape of Velocity","SSID_927589","Arcadia",2021-11-29,"Engagement Booster"
"Cape of Velocity","SSID_927589","Arcadia",2022-02-28,"Engagement Booster"
"Cape of Velocity","SSID_190151","Hydaelyn",2019-07-21,"Regular Check-In"
"Cape of Velocity","SSID_190151","Hydaelyn",2019-09-09,"Regular Check-In"
"Cape of Velocity","SSID_190151","Hydaelyn",2019-11-24,"Regular Check-In"
"Cape of Velocity","SSID_190151","Hydaelyn",2020-02-20,"Regular Check-In"
"Cape of Velocity","SSID_190151","Hydaelyn",2020-06-16,"Regular Check-In"
"Cape of Velocity","SSID_190151","Hydaelyn",2020-09-07,"Regular Check-In"
"Cape of Velocity","SSID_190151","Hydaelyn",2020-11-24,"Regular Check-In"
"Cape of Velocity","SSID_190151","Hydaelyn",2021-01-24,"Regular Check-In"
"Cape of Velocity","SSID_190151","Hydaelyn",2021-04-20,"Regular Check-In"
"Cape of Velocity","SSID_190151","Hydaelyn",2021-07-25,"Regular Check-In"
"Cape of Velocity","SSID_190151","Hydaelyn",2021-11-23,"Other"
"Cape of Velocity","SSID_190151","Hydaelyn",2022-03-22,"Other"
"Cape of Velocity","SSID_371088","Fódlan",2017-11-12,"Other"
"Cape of Velocity","SSID_371088","Fódlan",2017-11-30,"Other"
"Cape of Velocity","SSID_371088","Fódlan",2018-03-14,"Other"
"Cape of Velocity","SSID_371088","Fódlan",2018-05-30,"Other"
"Cape of Velocity","SSID_371088","Fódlan",2018-06-28,"Other"
"Cape of Velocity","SSID_371088","Fódlan",2018-08-19,"Regular Check-In"
"Cape of Velocity","SSID_371088","Fódlan",2018-10-04,"Regular Check-In"
"Cape of Velocity","SSID_371088","Fódlan",2018-11-29,"Regular Check-In"
"Cape of Velocity","SSID_371088","Fódlan",2019-03-06,"Regular Check-In"
"Cape of Velocity","SSID_371088","Fódlan",2019-05-08,"Regular Check-In"
"Cape of Velocity","SSID_371088","Fódlan",2019-07-05,"Regular Check-In"
"Cape of Velocity","SSID_371088","Fódlan",2019-09-11,"Regular Check-In"
"Cape of Velocity","SSID_371088","Fódlan",2019-12-12,"Regular Check-In"
"Cape of Velocity","SSID_371088","Fódlan",2020-03-18,"Regular Check-In"
"Cape of Velocity","SSID_371088","Fódlan",2020-09-10,"Regular Check-In"
"Cape of Velocity","SSID_371088","Fódlan",2021-05-06,"Regular Check-In"
"Cape of Velocity","SSID_363516","Mordor",2020-01-16,"Regular Check-In"
"Cape of Velocity","SSID_363516","Mordor",2020-05-04,"Regular Check-In"
"Cape of Velocity","SSID_363516","Mordor",2020-07-26,"Regular Check-In"
"Cape of Velocity","SSID_363516","Mordor",2020-12-06,"Regular Check-In"
"Cape of Velocity","SSID_363516","Mordor",2021-03-19,"Other"
"Cape of Velocity","SSID_363516","Mordor",2021-09-17,"Regular Check-In"
"Cape of Velocity","SSID_363516","Mordor",2023-01-21,"Other"
"Cape of Velocity","SSID_363516","Mordor",2023-07-17,"Other"
"Cape of Velocity","SSID_931542","Pyrrhia",2018-08-04,"Other"
"Cape of Velocity","SSID_931542","Pyrrhia",2019-04-27,"Other"
"Cape of Velocity","SSID_931542","Pyrrhia",2019-06-02,"Other"
"Cape of Velocity","SSID_931542","Pyrrhia",2019-07-29,"Other"
"Cape of Velocity","SSID_931542","Pyrrhia",2019-09-26,"Other"
"Cape of Velocity","SSID_931542","Pyrrhia",2020-05-29,"Regular Check-In"
"Cape of Velocity","SSID_931542","Pyrrhia",2021-04-16,"Regular Check-In"
"Cape of Velocity","SSID_931542","Pyrrhia",2021-09-10,"Regular Check-In"
"Cape of Velocity","SSID_931542","Pyrrhia",2021-12-03,"Regular Check-In"
"Cape of Velocity","SSID_886002","Doriath",2018-03-23,"Regular Check-In"
"Cape of Velocity","SSID_886002","Doriath",2018-06-05,"Regular Check-In"
"Cape of Velocity","SSID_886002","Doriath",2018-06-28,"Regular Check-In"
"Cape of Velocity","SSID_886002","Doriath",2018-08-02,"Regular Check-In"
"Cape of Velocity","SSID_886002","Doriath",2018-08-22,"Regular Check-In"
"Cape of Velocity","SSID_886002","Doriath",2018-10-08,"Regular Check-In"
"Cape of Velocity","SSID_886002","Doriath",2018-10-31,"Regular Check-In"
"Cape of Velocity","SSID_886002","Doriath",2018-11-28,"Regular Check-In"
"Cape of Velocity","SSID_886002","Doriath",2018-12-31,"Regular Check-In"
"Cape of Velocity","SSID_886002","Doriath",2019-01-23,"Regular Check-In"
"Cape of Velocity","SSID_886002","Doriath",2019-04-16,"Regular Check-In"
"Cape of Velocity","SSID_886002","Doriath",2019-02-14,"Regular Check-In"
"Cape of Velocity","SSID_886002","Doriath",2019-06-12,"Regular Check-In"
"Cape of Velocity","SSID_886002","Doriath",2019-07-15,"Regular Check-In"
"Cape of Velocity","SSID_886002","Doriath",2019-09-11,"Regular Check-In"
"Cape of Velocity","SSID_886002","Doriath",2019-12-04,"Regular Check-In"
"Cape of Velocity","SSID_886002","Doriath",2020-03-10,"Regular Check-In"
"Cape of Velocity","SSID_886002","Doriath",2020-05-13,"Regular Check-In"
"Cape of Velocity","SSID_886002","Doriath",2020-08-06,"Regular Check-In"
"Cape of Velocity","SSID_886002","Doriath",2020-10-01,"Other"
"Cape of Velocity","SSID_886002","Doriath",2021-01-11,"Other"
"Elixir of Life","SSID_320721","Tyria",2021-02-11,"Regular Check-In"
"Elixir of Life","SSID_320721","Tyria",2021-06-30,"Regular Check-In"
"Elixir of Life","SSID_320721","Tyria",2021-10-08,"Regular Check-In"
"Elixir of Life","SSID_320721","Tyria",2022-01-21,"Regular Check-In"
"Elixir of Life","SSID_320721","Tyria",2022-05-28,"Regular Check-In"
"Elixir of Life","SSID_320721","Tyria",2022-07-31,"Regular Check-In"
"Elixir of Life","SSID_320721","Tyria",2022-10-06,"Regular Check-In"
"Elixir of Life","SSID_320721","Tyria",2023-01-27,"Regular Check-In"
"Elixir of Life","SSID_320721","Tyria",2023-11-17,"Other"
"Elixir of Life","SSID_591685","Arcadia",2021-07-09,"Other"
"Elixir of Life","SSID_897741","Xanth",2021-05-23,"Other"
"Elixir of Life","SSID_897741","Xanth",2021-10-10,"Other"
"Elixir of Life","SSID_405528","Rivendell",2019-12-28,"Regular Check-In"
"Elixir of Life","SSID_405528","Rivendell",2020-05-21,"Regular Check-In"
"Elixir of Life","SSID_405528","Rivendell",2020-09-26,"Regular Check-In"
"Elixir of Life","SSID_405528","Rivendell",2020-11-21,"Regular Check-In"
"Elixir of Life","SSID_405528","Rivendell",2021-01-04,"Regular Check-In"
"Elixir of Life","SSID_405528","Rivendell",2021-06-24,"Regular Check-In"
"Elixir of Life","SSID_405528","Rivendell",2021-08-12,"Regular Check-In"
"Elixir of Life","SSID_405528","Rivendell",2021-11-27,"Regular Check-In"
"Elixir of Life","SSID_435940","Terabithia",2020-07-17,"Regular Check-In"
"Elixir of Life","SSID_435940","Terabithia",2020-08-27,"Regular Check-In"
"Elixir of Life","SSID_435940","Terabithia",2020-10-03,"Regular Check-In"
"Elixir of Life","SSID_435940","Terabithia",2020-10-29,"Regular Check-In"
"Elixir of Life","SSID_435940","Terabithia",2020-12-12,"Regular Check-In"
"Elixir of Life","SSID_435940","Terabithia",2021-02-05,"Regular Check-In"
"Elixir of Life","SSID_435940","Terabithia",2021-04-16,"Regular Check-In"
"Elixir of Life","SSID_435940","Terabithia",2022-01-09,"Regular Check-In"
"Elixir of Life","SSID_435940","Terabithia",2022-02-18,"Engagement Booster"
"Elixir of Life","SSID_640376","Xanth",2020-10-10,"Regular Check-In"
"Elixir of Life","SSID_640376","Xanth",2020-12-18,"Regular Check-In"
"Elixir of Life","SSID_640376","Xanth",2021-07-01,"Regular Check-In"
"Elixir of Life","SSID_640376","Xanth",2022-02-12,"Regular Check-In"
"Cloak of the Undead King","SSID_516749","Tevinter",2019-08-28,"Regular Check-In"
"Cloak of the Undead King","SSID_516749","Tevinter",2019-10-01,"Regular Check-In"
"Cloak of the Undead King","SSID_516749","Tevinter",2019-11-18,"Regular Check-In"
"Cloak of the Undead King","SSID_516749","Tevinter",2019-12-10,"Regular Check-In"
"Cloak of the Undead King","SSID_516749","Tevinter",2020-01-27,"Regular Check-In"
"Cloak of the Undead King","SSID_516749","Tevinter",2020-04-21,"Regular Check-In"
"Cloak of the Undead King","SSID_516749","Tevinter",2020-05-25,"Regular Check-In"
"Cloak of the Undead King","SSID_516749","Tevinter",2020-09-02,"Regular Check-In"
"Cloak of the Undead King","SSID_516749","Tevinter",2020-09-21,"Regular Check-In"
"Cloak of the Undead King","SSID_516749","Tevinter",2020-07-15,"Other"
"Cloak of the Undead King","SSID_516749","Tevinter",2020-11-09,"Regular Check-In"
"Cloak of the Undead King","SSID_516749","Tevinter",2021-01-05,"Regular Check-In"
"Cloak of the Undead King","SSID_516749","Tevinter",2021-02-01,"Regular Check-In"
"Cloak of the Undead King","SSID_516749","Tevinter",2021-03-23,"Other"
"Cloak of the Undead King","SSID_516749","Tevinter",2021-04-13,"Regular Check-In"
"Cloak of the Undead King","SSID_516749","Tevinter",2021-05-19,"Regular Check-In"
"Cloak of the Undead King","SSID_516749","Tevinter",2021-07-06,"Regular Check-In"
"Cloak of the Undead King","SSID_410309","Tevinter",2019-11-13,"Regular Check-In"
"Cloak of the Undead King","SSID_410309","Tevinter",2020-03-25,"Regular Check-In"
"Cloak of the Undead King","SSID_410309","Tevinter",2020-05-18,"Regular Check-In"
"Cloak of the Undead King","SSID_410309","Tevinter",2020-10-12,"Other"
"Cloak of the Undead King","SSID_410309","Tevinter",2021-05-05,"Other"
"Cloak of the Undead King","SSID_621412","Doriath",2019-12-17,"Regular Check-In"
"Cloak of the Undead King","SSID_621412","Doriath",2020-08-12,"Regular Check-In"
"Cloak of the Undead King","SSID_621412","Doriath",2020-09-09,"Regular Check-In"
"Cloak of the Undead King","SSID_621412","Doriath",2020-11-11,"Regular Check-In"
"Cloak of the Undead King","SSID_621412","Doriath",2021-02-01,"Regular Check-In"
"Cloak of the Undead King","SSID_621412","Doriath",2021-04-17,"Other"
"Cloak of the Undead King","SSID_621412","Doriath",2021-06-22,"Other"
"Cloak of the Undead King","SSID_254770","Tyria",2021-07-15,"Other"
"Cloak of the Undead King","SSID_304414","Pyrrhia",2021-02-18,"Other"
"Cloak of the Undead King","SSID_304414","Pyrrhia",2021-04-25,"Regular Check-In"
"Cloak of the Undead King","SSID_304414","Pyrrhia",2021-07-01,"Regular Check-In"
"Cloak of the Undead King","SSID_304414","Pyrrhia",2021-06-12,"Regular Check-In"
"Cloak of the Undead King","SSID_304414","Pyrrhia",2021-08-13,"Regular Check-In"
"Cloak of the Undead King","SSID_606985","Arcadia",2020-09-06,"Regular Check-In"
"Cloak of the Undead King","SSID_606985","Arcadia",2021-02-21,"Regular Check-In"
"Cloak of the Undead King","SSID_606985","Arcadia",2021-07-09,"Regular Check-In"
"Cloak of the Undead King","SSID_606985","Arcadia",2021-07-23,"Regular Check-In"
"Cloak of the Undead King","SSID_933874","Arcadia",2020-09-12,"Regular Check-In"
"Cloak of the Undead King","SSID_933874","Arcadia",2020-11-07,"Regular Check-In"
"Cloak of the Undead King","SSID_933874","Arcadia",2021-01-21,"Regular Check-In"
"Cloak of the Undead King","SSID_933874","Arcadia",2021-05-08,"Regular Check-In"
"Cloak of the Undead King","SSID_933874","Arcadia",2021-07-02,"Other"
"Cloak of the Undead King","SSID_933874","Arcadia",2021-07-18,"Other"
"Cloak of the Undead King","SSID_515403","Tevinter",2021-04-26,"Engagement Booster"
"Cloak of the Undead King","SSID_515403","Tevinter",2021-06-06,"Other"
"Cloak of the Undead King","SSID_515403","Tevinter",2021-07-30,"Regular Check-In"
"Cloak of the Undead King","SSID_619478","Xanth",2023-01-21,"Regular Check-In"
"Cloak of the Undead King","SSID_619478","Xanth",2023-06-24,"Other"
"Cape of Velocity","SSID_511371","Rivendell",2018-06-11,"Regular Check-In"
"Cape of Velocity","SSID_511371","Rivendell",2018-10-06,"Regular Check-In"
"Cape of Velocity","SSID_511371","Rivendell",2016-07-16,"Other"
"Cape of Velocity","SSID_462720","Erewhon",2017-03-19,"Other"
"Cape of Velocity","SSID_462720","Erewhon",2020-02-05,"Regular Check-In"
"Cape of Velocity","SSID_462720","Erewhon",2017-09-04,"Other"
"Cape of Velocity","SSID_462720","Erewhon",2017-04-30,"Other"
"Cape of Velocity","SSID_462720","Erewhon",2017-07-15,"Other"
"Cape of Velocity","SSID_462720","Erewhon",2017-08-26,"Other"
"Cape of Velocity","SSID_462720","Erewhon",2019-05-18,"Other"
"Cape of Velocity","SSID_462720","Erewhon",2019-08-20,"Regular Check-In"
"Cape of Velocity","SSID_491786","Arnor",2018-05-19,"Other"
"Cape of Velocity","SSID_491786","Arnor",2020-04-26,"Regular Check-In"
"Cape of Velocity","SSID_491786","Arnor",2018-11-07,"Regular Check-In"
"Cape of Velocity","SSID_491786","Arnor",2019-07-12,"Regular Check-In"
"Cape of Velocity","SSID_491786","Arnor",2020-01-25,"Regular Check-In"
"Cape of Velocity","SSID_491786","Arnor",2017-11-26,"Other"
"Cape of Velocity","SSID_491786","Arnor",2015-11-15,"Other"
"Cape of Velocity","SSID_491786","Arnor",2015-12-24,"Other"
"Cape of Velocity","SSID_491786","Arnor",2016-01-22,"Other"
"Cape of Velocity","SSID_491786","Arnor",2016-02-03,"Other"
"Cape of Velocity","SSID_491786","Arnor",2016-03-05,"Other"
"Cape of Velocity","SSID_491786","Arnor",2020-10-07,"Regular Check-In"
"Cape of Velocity","SSID_491786","Arnor",2016-06-09,"Other"
"Cape of Velocity","SSID_491786","Arnor",2016-08-25,"Other"
"Cape of Velocity","SSID_491786","Arnor",2017-01-12,"Other"
"Cape of Velocity","SSID_491786","Arnor",2017-02-17,"Other"
"Cape of Velocity","SSID_491786","Arnor",2017-04-19,"Other"
"Cape of Velocity","SSID_491786","Arnor",2017-07-20,"Other"
"Cape of Velocity","SSID_491786","Arnor",2017-09-27,"Other"
"Cape of Velocity","SSID_491786","Arnor",2016-04-14,"Other"
"Cape of Velocity","SSID_592935","Narnia",2015-08-09,"Other"
"Cape of Velocity","SSID_592935","Narnia",2016-02-04,"Other"
"Cape of Velocity","SSID_592935","Narnia",2016-04-07,"Other"
"Cape of Velocity","SSID_592935","Narnia",2018-12-22,"Regular Check-In"
"Cape of Velocity","SSID_592935","Narnia",2019-01-31,"Regular Check-In"
"Cape of Velocity","SSID_592935","Narnia",2019-05-11,"Regular Check-In"
"Cape of Velocity","SSID_592935","Narnia",2019-07-18,"Regular Check-In"
"Cape of Velocity","SSID_592935","Narnia",2019-10-19,"Regular Check-In"
"Cape of Velocity","SSID_592935","Narnia",2020-01-31,"Regular Check-In"
"Cape of Velocity","SSID_592935","Narnia",2020-01-31,"Regular Check-In"
"Cape of Velocity","SSID_592935","Narnia",2020-04-23,"Regular Check-In"
"Cape of Velocity","SSID_592935","Narnia",2020-08-06,"Regular Check-In"
"Cape of Velocity","SSID_194498","Magvel",2016-02-12,"Other"
"Cape of Velocity","SSID_194498","Magvel",2016-05-12,"Other"
"Cape of Velocity","SSID_194498","Magvel",2016-08-31,"Other"
"Cape of Velocity","SSID_194498","Magvel",2016-12-22,"Other"
"Cape of Velocity","SSID_194498","Magvel",2017-04-29,"Other"
"Cape of Velocity","SSID_194498","Magvel",2017-09-20,"Other"
"Cape of Velocity","SSID_194498","Magvel",2019-01-24,"Regular Check-In"
"Cape of Velocity","SSID_194498","Magvel",2020-01-22,"Regular Check-In"
"Cape of Velocity","SSID_250754","Fódlan",2019-05-16,"Other"
"Cape of Velocity","SSID_250754","Fódlan",2019-08-02,"Other"
"Cape of Velocity","SSID_250754","Fódlan",2019-10-04,"Regular Check-In"
"Cape of Velocity","SSID_250754","Fódlan",2020-01-10,"Regular Check-In"
"Cape of Velocity","SSID_250754","Fódlan",2020-11-19,"Regular Check-In"
"Cape of Velocity","SSID_250754","Fódlan",2021-07-01,"Regular Check-In"
"Cape of Velocity","SSID_250754","Fódlan",2022-02-15,"Regular Check-In"
"Cape of Velocity","SSID_250754","Fódlan",2023-02-22,"Engagement Booster"
"Cloak of the Undead King","SSID_220424","Westeros",2020-02-20,"Regular Check-In"
"Cloak of the Undead King","SSID_220424","Westeros",2020-03-28,"Other"
"Cloak of the Undead King","SSID_220424","Westeros",2020-05-01,"Other"
"Cloak of the Undead King","SSID_220424","Westeros",2020-07-12,"Regular Check-In"
"Cloak of the Undead King","SSID_220424","Westeros",2020-07-31,"Regular Check-In"
"Cloak of the Undead King","SSID_220424","Westeros",2020-08-21,"Other"
"Cloak of the Undead King","SSID_220424","Westeros",2020-09-11,"Other"
"Cloak of the Undead King","SSID_220424","Westeros",2020-10-04,"Regular Check-In"
"Cloak of the Undead King","SSID_220424","Westeros",2020-10-25,"Regular Check-In"
"Cloak of the Undead King","SSID_220424","Westeros",2020-12-04,"Regular Check-In"
"Cloak of the Undead King","SSID_220424","Westeros",2020-12-26,"Regular Check-In"
"Cloak of the Undead King","SSID_220424","Westeros",2021-01-21,"Regular Check-In"
"Cloak of the Undead King","SSID_220424","Westeros",2021-02-26,"Regular Check-In"
"Cloak of the Undead King","SSID_220424","Westeros",2021-03-25,"Regular Check-In"
"Cloak of the Undead King","SSID_220424","Westeros",2021-05-07,"Regular Check-In"
"Cloak of the Undead King","SSID_220424","Westeros",2021-06-10,"Regular Check-In"
"Cloak of the Undead King","SSID_220424","Westeros",2021-07-09,"Regular Check-In"
"Cloak of the Undead King","SSID_220424","Westeros",2021-08-13,"Regular Check-In"
"Cloak of the Undead King","SSID_220424","Westeros",2021-09-16,"Regular Check-In"
"Cloak of the Undead King","SSID_220424","Westeros",2021-10-16,"Regular Check-In"
"Cloak of the Undead King","SSID_220424","Westeros",2021-11-13,"Other"
"Cloak of the Undead King","SSID_220424","Westeros",2021-12-30,"Other"
"Cloak of the Undead King","SSID_220424","Westeros",2022-03-03,"Other"
"Cloak of the Undead King","SSID_381411","Xanth",2020-10-25,"Regular Check-In"
"Cloak of the Undead King","SSID_381411","Xanth",2020-11-21,"Regular Check-In"
"Cloak of the Undead King","SSID_381411","Xanth",2021-01-15,"Regular Check-In"
"Cloak of the Undead King","SSID_381411","Xanth",2021-04-30,"Regular Check-In"
"Cloak of the Undead King","SSID_381411","Xanth",2021-03-06,"Regular Check-In"
"Cloak of the Undead King","SSID_381411","Xanth",2021-07-08,"Regular Check-In"
"Cloak of the Undead King","SSID_381411","Xanth",2021-10-02,"Regular Check-In"
"Cloak of the Undead King","SSID_381411","Xanth",2021-08-29,"Regular Check-In"
"Cloak of the Undead King","SSID_381411","Xanth",2021-10-24,"Regular Check-In"
"Cloak of the Undead King","SSID_381411","Xanth",2021-11-25,"Regular Check-In"
"Cloak of the Undead King","SSID_381411","Xanth",2022-01-09,"Regular Check-In"
"Cloak of the Undead King","SSID_381411","Xanth",2022-02-05,"Other"
"Cloak of the Undead King","SSID_381411","Xanth",2022-04-03,"Other"
"Cloak of the Undead King","SSID_381411","Xanth",2022-03-07,"Other"
"Cloak of the Undead King","SSID_381411","Xanth",2022-05-22,"Other"
"Boots of Levitation","SSID_100241","Mirkwood",2020-05-07,"Regular Check-In"
"Boots of Levitation","SSID_100241","Mirkwood",2020-10-21,"Regular Check-In"
"Boots of Levitation","SSID_100241","Mirkwood",2021-04-02,"Regular Check-In"
"Boots of Levitation","SSID_100241","Mirkwood",2022-02-22,"Regular Check-In"
"Boots of Levitation","SSID_962108","Xanth",2021-11-04,"Regular Check-In"
"Boots of Levitation","SSID_962108","Xanth",2022-04-06,"Regular Check-In"
"Boots of Levitation","SSID_237261","Xanth",2021-05-02,"Other"
"Cape of Velocity","SSID_531804","Pyrrhia",2018-03-08,"Regular Check-In"
"Cape of Velocity","SSID_531804","Pyrrhia",2018-07-06,"Regular Check-In"
"Cape of Velocity","SSID_531804","Pyrrhia",2018-09-05,"Regular Check-In"
"Cape of Velocity","SSID_531804","Pyrrhia",2019-03-07,"Regular Check-In"
"Cape of Velocity","SSID_531804","Pyrrhia",2019-04-24,"Regular Check-In"
"Cape of Velocity","SSID_531804","Pyrrhia",2019-07-27,"Regular Check-In"
"Cape of Velocity","SSID_531804","Pyrrhia",2019-11-08,"Regular Check-In"
"Cape of Velocity","SSID_531804","Pyrrhia",2020-01-09,"Regular Check-In"
"Cape of Velocity","SSID_531804","Pyrrhia",2020-04-23,"Regular Check-In"
"Cape of Velocity","SSID_531804","Pyrrhia",2020-09-03,"Regular Check-In"
"Cape of Velocity","SSID_531804","Pyrrhia",2020-12-31,"Regular Check-In"
"Cape of Velocity","SSID_531804","Pyrrhia",2021-05-28,"Regular Check-In"
"Cape of Velocity","SSID_749737","Xanth",2018-04-21,"Regular Check-In"
"Cape of Velocity","SSID_749737","Xanth",2018-06-21,"Regular Check-In"
"Cape of Velocity","SSID_749737","Xanth",2018-08-23,"Regular Check-In"
"Cape of Velocity","SSID_749737","Xanth",2019-03-20,"Regular Check-In"
"Cape of Velocity","SSID_749737","Xanth",2019-06-07,"Regular Check-In"
"Cape of Velocity","SSID_749737","Xanth",2019-12-05,"Regular Check-In"
"Cape of Velocity","SSID_749737","Xanth",2020-02-18,"Regular Check-In"
"Cape of Velocity","SSID_749737","Xanth",2020-05-09,"Regular Check-In"
"Cape of Velocity","SSID_749737","Xanth",2020-11-21,"Regular Check-In"
"Cape of Velocity","SSID_749737","Xanth",2021-03-16,"Other"
"Cape of Velocity","SSID_749737","Xanth",2021-06-25,"Other"
"Cape of Velocity","SSID_980332","Hydaelyn",2019-04-17,"Regular Check-In"
"Cape of Velocity","SSID_980332","Hydaelyn",2019-05-11,"Regular Check-In"
"Cape of Velocity","SSID_980332","Hydaelyn",2019-07-02,"Regular Check-In"
"Cape of Velocity","SSID_980332","Hydaelyn",2019-08-11,"Regular Check-In"
"Cape of Velocity","SSID_980332","Hydaelyn",2019-09-10,"Regular Check-In"
"Cape of Velocity","SSID_980332","Hydaelyn",2019-09-30,"Regular Check-In"
"Cape of Velocity","SSID_980332","Hydaelyn",2019-11-19,"Regular Check-In"
"Cape of Velocity","SSID_980332","Hydaelyn",2020-01-20,"Regular Check-In"
"Cape of Velocity","SSID_980332","Hydaelyn",2020-03-29,"Regular Check-In"
"Cape of Velocity","SSID_980332","Hydaelyn",2020-05-16,"Regular Check-In"
"Cape of Velocity","SSID_980332","Hydaelyn",2020-07-06,"Regular Check-In"
"Cape of Velocity","SSID_980332","Hydaelyn",2020-09-12,"Regular Check-In"
"Cape of Velocity","SSID_980332","Hydaelyn",2020-10-24,"Regular Check-In"
"Cape of Velocity","SSID_980332","Hydaelyn",2020-12-07,"Regular Check-In"
"Cape of Velocity","SSID_980332","Hydaelyn",2021-02-27,"Regular Check-In"
"Cape of Velocity","SSID_980332","Hydaelyn",2021-04-26,"Regular Check-In"
"Cape of Velocity","SSID_980332","Hydaelyn",2021-08-16,"Regular Check-In"
"Cape of Velocity","SSID_980332","Hydaelyn",2021-10-03,"Regular Check-In"
"Cape of Velocity","SSID_980332","Hydaelyn",2021-10-12,"Regular Check-In"
"Cape of Velocity","SSID_980332","Hydaelyn",2021-11-15,"Regular Check-In"
"Cape of Velocity","SSID_980332","Hydaelyn",2022-01-31,"Regular Check-In"
"Cape of Velocity","SSID_980332","Hydaelyn",2022-06-06,"Regular Check-In"
"Cape of Velocity","SSID_980332","Hydaelyn",2022-06-26,"Regular Check-In"
"Cape of Velocity","SSID_893029","Faerûn",2018-11-11,"Regular Check-In"
"Cape of Velocity","SSID_893029","Faerûn",2019-01-09,"Regular Check-In"
"Cape of Velocity","SSID_893029","Faerûn",2019-03-03,"Regular Check-In"
"Cape of Velocity","SSID_893029","Faerûn",2019-03-30,"Regular Check-In"
"Cape of Velocity","SSID_893029","Faerûn",2019-07-10,"Regular Check-In"
"Cape of Velocity","SSID_893029","Faerûn",2019-11-06,"Regular Check-In"
"Cape of Velocity","SSID_726779","Doriath",2020-05-14,"Regular Check-In"
"Cape of Velocity","SSID_726779","Doriath",2020-07-16,"Regular Check-In"
"Cape of Velocity","SSID_726779","Doriath",2021-01-06,"Regular Check-In"
"Cape of Velocity","SSID_726779","Doriath",2021-03-16,"Regular Check-In"
"Cape of Velocity","SSID_726779","Doriath",2021-06-28,"Regular Check-In"
"Cape of Velocity","SSID_726779","Doriath",2021-08-30,"Regular Check-In"
"Cape of Velocity","SSID_726779","Doriath",2022-01-11,"Regular Check-In"
"Cape of Velocity","SSID_726779","Doriath",2022-03-13,"Regular Check-In"
"Cape of Velocity","SSID_726779","Doriath",2022-05-02,"Regular Check-In"
"Cape of Velocity","SSID_726779","Doriath",2022-07-03,"Regular Check-In"
"Cape of Velocity","SSID_726779","Doriath",2022-10-10,"Regular Check-In"
"Cape of Velocity","SSID_726779","Doriath",2022-11-21,"Other"
"Cape of Velocity","SSID_726779","Doriath",2022-12-29,"Other"
"Cape of Velocity","SSID_726779","Doriath",2023-04-05,"Other"
"Cape of Velocity","SSID_555564","Tristram",2020-11-15,"Regular Check-In"
"Cape of Velocity","SSID_555564","Tristram",2021-01-11,"Regular Check-In"
"Cape of Velocity","SSID_555564","Tristram",2021-03-07,"Regular Check-In"
"Cape of Velocity","SSID_555564","Tristram",2021-05-10,"Regular Check-In"
"Cape of Velocity","SSID_555564","Tristram",2021-07-05,"Regular Check-In"
"Cape of Velocity","SSID_555564","Tristram",2021-08-24,"Regular Check-In"
"Cape of Velocity","SSID_555564","Tristram",2022-01-02,"Other"
"Cape of Velocity","SSID_555564","Tristram",2022-06-14,"Other"
"Cape of Velocity","SSID_555564","Tristram",2022-09-05,"Other"
"Cape of Velocity","SSID_555564","Tristram",2022-12-23,"Other"
"Cape of Velocity","SSID_399744","Arcadia",2021-02-09,"Regular Check-In"
"Cape of Velocity","SSID_399744","Arcadia",2021-08-15,"Regular Check-In"
"Cape of Velocity","SSID_399744","Arcadia",2022-01-12,"Other"
"Cape of Velocity","SSID_399744","Arcadia",2022-07-06,"Other"
"Cape of Velocity","SSID_773631","Zanaris",2022-03-20,"Other"
"Cape of Velocity","SSID_773631","Zanaris",2022-06-15,"Regular Check-In"
"Cape of Velocity","SSID_136811","Atlantis",2021-08-25,"Other"
"Cloak of the Undead King","SSID_269502","Midkemia",2022-03-26,"Other"
"Cloak of the Undead King","SSID_459489","Arcadia",2021-06-19,"Regular Check-In"
"Cloak of the Undead King","SSID_459489","Arcadia",2021-12-12,"Regular Check-In"
"Cloak of the Undead King","SSID_459489","Arcadia",2022-04-17,"Engagement Booster"
"Cloak of the Undead King","SSID_459489","Arcadia",2022-05-10,"Engagement Booster"
"Cloak of the Undead King","SSID_279499","Arcadia",2021-12-18,"Engagement Booster"
"Cloak of the Undead King","SSID_279499","Arcadia",2021-12-27,"Regular Check-In"
"Cloak of the Undead King","SSID_279499","Arcadia",2022-04-12,"Engagement Booster"
"Cloak of the Undead King","SSID_668802","Discworld",2021-02-15,"Regular Check-In"
"Cloak of the Undead King","SSID_668802","Discworld",2021-03-05,"Regular Check-In"
"Cloak of the Undead King","SSID_668802","Discworld",2021-06-14,"Other"
"Cloak of the Undead King","SSID_668802","Discworld",2021-07-01,"Other"
"Cloak of the Undead King","SSID_668802","Discworld",2021-11-08,"Other"
"Cloak of the Undead King","SSID_668802","Discworld",2021-11-21,"Regular Check-In"
"Cloak of the Undead King","SSID_668802","Discworld",2021-12-23,"Regular Check-In"
"Cloak of the Undead King","SSID_668802","Discworld",2022-01-22,"Regular Check-In"
"Cloak of the Undead King","SSID_668802","Discworld",2022-02-12,"Regular Check-In"
"Cloak of the Undead King","SSID_668802","Discworld",2022-05-01,"Other"
"Cloak of the Undead King","SSID_668802","Discworld",2022-06-17,"Regular Check-In"
"Cloak of the Undead King","SSID_668802","Discworld",2022-07-29,"Other"
"Cloak of the Undead King","SSID_668802","Discworld",2022-09-17,"Other"
"Cloak of the Undead King","SSID_714856","Discworld",2021-02-10,"Other"
"Cloak of the Undead King","SSID_714856","Discworld",2021-01-25,"Other"
"Cloak of the Undead King","SSID_714856","Discworld",2021-03-29,"Other"
