Product,shop,date,units_sold
Cloak of the Undead King,SSID_154660,2015-10-25,1
Cloak of the Undead King,SSID_154660,2015-10-27,1
Cloak of the Undead King,SSID_154660,2015-11-01,1
Cloak of the Undead King,SSID_154660,2015-12-06,1
Cloak of the Undead King,SSID_154660,2015-12-22,1
Cloak of the Undead King,SSID_154660,2016-01-24,1
Cloak of the Undead King,SSID_154660,2016-03-13,1
Cloak of the Undead King,SSID_154660,2016-04-10,1
Cloak of the Undead King,SSID_154660,2016-04-11,1
Cloak of the Undead King,SSID_154660,2016-07-03,2
Cloak of the Undead King,SSID_154660,2016-07-26,1
Cloak of the Undead King,SSID_154660,2016-08-02,1
Cloak of the Undead King,SSID_154660,2016-08-12,1
Cloak of the Undead King,SSID_154660,2016-08-20,1
Cloak of the Undead King,SSID_154660,2016-10-07,1
Cloak of the Undead King,SSID_154660,2017-01-09,1
Cloak of the Undead King,SSID_154660,2017-01-29,1
Cloak of the Undead King,SSID_154660,2017-02-07,1
Cloak of the Undead King,SSID_154660,2017-02-27,1
Cloak of the Undead King,SSID_154660,2017-03-14,1
Cloak of the Undead King,SSID_154660,2017-03-24,1
Cloak of the Undead King,SSID_154660,2017-04-10,1
Cloak of the Undead King,SSID_154660,2017-04-11,4
Cloak of the Undead King,SSID_438242,2017-02-28,1
Cloak of the Undead King,SSID_307863,2015-02-28,1
Cloak of the Undead King,SSID_307863,2015-04-19,1
Cloak of the Undead King,SSID_307863,2015-05-22,1
Cloak of the Undead King,SSID_307863,2015-06-12,1
Cloak of the Undead King,SSID_307863,2015-06-13,1
Cloak of the Undead King,SSID_307863,2015-06-15,1
Cloak of the Undead King,SSID_307863,2015-07-27,3
Cloak of the Undead King,SSID_307863,2015-08-18,1
Cloak of the Undead King,SSID_307863,2015-09-06,1
Cloak of the Undead King,SSID_307863,2015-09-28,3
Cloak of the Undead King,SSID_307863,2015-10-24,1
Cloak of the Undead King,SSID_307863,2015-11-16,2
Cloak of the Undead King,SSID_307863,2015-12-07,3
Cloak of the Undead King,SSID_307863,2016-01-04,1
Elixir of Life,SSID_305146,2018-11-04,1
Elixir of Life,SSID_305146,2019-07-06,1
Elixir of Life,SSID_305146,2020-05-05,1
Elixir of Life,SSID_758006,2018-07-14,1
Elixir of Life,SSID_758006,2018-09-08,1
Elixir of Life,SSID_758006,2018-09-22,1
Elixir of Life,SSID_758006,2020-05-23,1
Elixir of Life,SSID_758006,2020-08-03,1
Elixir of Life,SSID_758006,2021-06-14,1
Elixir of Life,SSID_758006,2021-08-27,1
Elixir of Life,SSID_829841,2018-10-22,1
Elixir of Life,SSID_829841,2018-11-03,1
Elixir of Life,SSID_829841,2018-11-04,1
Elixir of Life,SSID_829841,2018-12-01,1
Elixir of Life,SSID_829841,2019-05-19,1
Elixir of Life,SSID_829841,2019-06-11,1
Elixir of Life,SSID_829841,2019-11-09,1
Elixir of Life,SSID_829841,2019-12-31,1
Elixir of Life,SSID_829841,2020-02-22,1
Elixir of Life,SSID_829841,2020-05-22,1
Elixir of Life,SSID_829841,2020-05-23,1
Elixir of Life,SSID_829841,2020-05-30,1
Elixir of Life,SSID_829841,2020-06-29,1
Elixir of Life,SSID_829841,2020-07-25,1
Elixir of Life,SSID_829841,2021-05-24,1
Elixir of Life,SSID_829841,2021-06-05,1
Elixir of Life,SSID_829841,2021-07-10,1
Elixir of Life,SSID_829841,2021-09-13,1
Elixir of Life,SSID_829841,2021-10-17,1
Elixir of Life,SSID_829841,2021-10-29,2
Elixir of Life,SSID_829841,2021-10-30,1
Elixir of Life,SSID_829841,2021-11-01,1
Elixir of Life,SSID_296576,2019-02-16,1
Elixir of Life,SSID_296576,2020-11-21,1
Elixir of Life,SSID_296576,2020-12-04,1
Elixir of Life,SSID_296576,2021-04-03,1
Elixir of Life,SSID_296576,2021-07-16,1
Elixir of Life,SSID_863781,2018-07-22,1
Elixir of Life,SSID_863781,2018-09-03,1
Elixir of Life,SSID_863781,2021-09-06,1
Elixir of Life,SSID_863781,2021-11-02,1
Elixir of Life,SSID_863781,2021-11-19,1
Lion’s Shield of Courage,SSID_818521,2016-06-04,1
Lion’s Shield of Courage,SSID_818521,2016-06-27,1
Elixir of Life,SSID_691271,2019-11-17,2
Elixir of Life,SSID_691271,2019-11-21,2
Elixir of Life,SSID_691271,2019-11-24,2
Elixir of Life,SSID_691271,2019-11-30,1
Elixir of Life,SSID_691271,2019-12-01,1
Elixir of Life,SSID_691271,2019-12-05,2
Elixir of Life,SSID_691271,2020-04-11,1
Elixir of Life,SSID_691271,2020-04-16,1
Elixir of Life,SSID_691271,2020-04-22,2
Elixir of Life,SSID_942717,2019-05-02,1
Elixir of Life,SSID_942717,2019-10-02,1
Elixir of Life,SSID_942717,2020-04-12,1
Lion’s Shield of Courage,SSID_345784,2022-09-19,1
Lion’s Shield of Courage,SSID_345784,2022-10-25,1
Lion’s Shield of Courage,SSID_345784,2022-11-28,1
Lion’s Shield of Courage,SSID_345784,2022-12-15,1
Lion’s Shield of Courage,SSID_339583,2020-09-18,1
Lion’s Shield of Courage,SSID_339583,2021-08-13,1
Lion’s Shield of Courage,SSID_339583,2021-11-08,1
Lion’s Shield of Courage,SSID_443171,2022-05-29,1
Lion’s Shield of Courage,SSID_294333,2022-04-21,1
Lion’s Shield of Courage,SSID_294333,2022-06-09,1
Lion’s Shield of Courage,SSID_294333,2022-07-14,1
Lion’s Shield of Courage,SSID_294333,2022-09-16,1
Lion’s Shield of Courage,SSID_294333,2022-10-02,1
Lion’s Shield of Courage,SSID_294333,2022-10-28,1
Lion’s Shield of Courage,SSID_267911,2021-03-24,1
Lion’s Shield of Courage,SSID_267911,2021-11-29,1
Lion’s Shield of Courage,SSID_267911,2022-08-02,1
Cloak of the Undead King,SSID_784408,2018-05-23,1
Cloak of the Undead King,SSID_704509,2019-02-28,1
Cloak of the Undead King,SSID_704509,2019-04-02,1
Cloak of the Undead King,SSID_704509,2019-08-04,1
Cloak of the Undead King,SSID_704509,2019-08-07,1
Cloak of the Undead King,SSID_704509,2019-09-01,1
Cloak of the Undead King,SSID_704509,2019-12-29,1
Cloak of the Undead King,SSID_704509,2020-06-21,1
Cloak of the Undead King,SSID_596522,2020-04-28,1
Cloak of the Undead King,SSID_596522,2020-06-02,1
Cloak of the Undead King,SSID_596522,2020-06-03,1
Cloak of the Undead King,SSID_850572,2020-02-04,1
Cloak of the Undead King,SSID_850572,2020-02-09,2
Cloak of the Undead King,SSID_850572,2020-03-08,1
Cloak of the Undead King,SSID_850572,2020-03-09,1
Cloak of the Undead King,SSID_850572,2020-07-11,1
Cloak of the Undead King,SSID_850572,2020-08-15,1
Cloak of the Undead King,SSID_850572,2020-08-31,1
Cloak of the Undead King,SSID_850572,2020-10-31,2
Cloak of the Undead King,SSID_850572,2020-11-28,1
Cloak of the Undead King,SSID_850572,2021-06-19,1
Cloak of the Undead King,SSID_850572,2021-08-07,1
Cloak of the Undead King,SSID_850572,2021-08-22,1
Cloak of the Undead King,SSID_850572,2021-08-30,1
Cloak of the Undead King,SSID_850572,2021-09-04,1
Cloak of the Undead King,SSID_850572,2021-10-16,1
Cloak of the Undead King,SSID_850572,2022-04-02,1
Cloak of the Undead King,SSID_850572,2022-05-21,1
Cloak of the Undead King,SSID_850572,2022-06-25,1
Cloak of the Undead King,SSID_850572,2022-07-02,1
Cloak of the Undead King,SSID_850572,2022-08-08,1
Cloak of the Undead King,SSID_832829,2020-02-15,1
Cloak of the Undead King,SSID_832829,2020-02-24,1
Cloak of the Undead King,SSID_832829,2020-07-14,1
Cloak of the Undead King,SSID_832829,2020-12-01,1
Cloak of the Undead King,SSID_664327,2019-12-16,1
Cloak of the Undead King,SSID_664327,2019-12-27,1
Cloak of the Undead King,SSID_664327,2020-01-31,1
Cloak of the Undead King,SSID_664327,2020-02-27,1
Cloak of the Undead King,SSID_664327,2020-03-06,1
Cloak of the Undead King,SSID_664327,2020-03-19,1
Cloak of the Undead King,SSID_664327,2020-03-22,1
Cloak of the Undead King,SSID_664327,2020-03-26,1
Cloak of the Undead King,SSID_664327,2020-04-05,1
Cloak of the Undead King,SSID_664327,2020-04-12,1
Cloak of the Undead King,SSID_664327,2020-04-13,1
Cloak of the Undead King,SSID_664327,2020-04-26,1
Cloak of the Undead King,SSID_664327,2020-06-29,1
Cloak of the Undead King,SSID_664327,2020-08-06,1
Cloak of the Undead King,SSID_664327,2020-08-08,1
Cloak of the Undead King,SSID_664327,2020-08-30,1
Cloak of the Undead King,SSID_664327,2020-09-03,1
Cloak of the Undead King,SSID_664327,2020-09-21,1
Cloak of the Undead King,SSID_664327,2020-10-04,1
Cloak of the Undead King,SSID_664327,2020-11-16,1
Cloak of the Undead King,SSID_664327,2020-12-07,2
Cloak of the Undead King,SSID_664327,2020-12-24,1
Cloak of the Undead King,SSID_664327,2021-01-31,1
Cloak of the Undead King,SSID_664327,2021-03-18,1
Cloak of the Undead King,SSID_664327,2021-03-19,1
Cloak of the Undead King,SSID_664327,2021-06-28,1
Cloak of the Undead King,SSID_664327,2021-08-14,1
Cloak of the Undead King,SSID_664327,2021-09-12,1
Cloak of the Undead King,SSID_664327,2021-09-17,1
Cloak of the Undead King,SSID_664327,2021-10-01,1
Cloak of the Undead King,SSID_664327,2021-11-07,1
Cloak of the Undead King,SSID_664327,2022-02-10,1
Cloak of the Undead King,SSID_664327,2022-03-21,1
Cloak of the Undead King,SSID_664327,2022-04-07,2
Cloak of the Undead King,SSID_664327,2022-05-05,1
Cloak of the Undead King,SSID_664327,2022-05-20,2
Cloak of the Undead King,SSID_664327,2022-09-02,1
Cloak of the Undead King,SSID_105871,2019-11-11,1
Cloak of the Undead King,SSID_105871,2019-11-22,1
Cloak of the Undead King,SSID_105871,2019-12-08,1
Cloak of the Undead King,SSID_105871,2019-12-14,1
Cloak of the Undead King,SSID_105871,2019-12-20,1
Cloak of the Undead King,SSID_105871,2020-02-24,1
Cloak of the Undead King,SSID_105871,2020-03-02,1
Cloak of the Undead King,SSID_105871,2020-03-21,1
Cloak of the Undead King,SSID_105871,2020-05-26,1
Cloak of the Undead King,SSID_105871,2020-07-17,1
Cloak of the Undead King,SSID_105871,2020-07-19,1
Cloak of the Undead King,SSID_105871,2020-07-26,1
Cloak of the Undead King,SSID_105871,2020-08-31,1
Cloak of the Undead King,SSID_105871,2020-09-04,1
Cloak of the Undead King,SSID_105871,2020-09-18,1
Cloak of the Undead King,SSID_105871,2020-10-03,1
Cloak of the Undead King,SSID_105871,2020-10-12,1
Cloak of the Undead King,SSID_105871,2020-12-13,1
Cloak of the Undead King,SSID_105871,2020-12-19,1
Cloak of the Undead King,SSID_105871,2021-01-23,1
Cloak of the Undead King,SSID_105871,2021-03-02,1
Cloak of the Undead King,SSID_105871,2021-03-16,1
Cloak of the Undead King,SSID_105871,2021-04-09,1
Cloak of the Undead King,SSID_105871,2021-04-25,1
Cloak of the Undead King,SSID_105871,2021-06-04,1
Cloak of the Undead King,SSID_105871,2021-06-15,1
Cloak of the Undead King,SSID_105871,2021-10-18,1
Cloak of the Undead King,SSID_105871,2021-10-24,1
Cloak of the Undead King,SSID_105871,2022-01-17,1
Cloak of the Undead King,SSID_105871,2022-01-31,1
Cloak of the Undead King,SSID_105871,2022-02-21,1
Cloak of the Undead King,SSID_105871,2022-04-19,1
Cloak of the Undead King,SSID_742579,2019-10-01,1
Cloak of the Undead King,SSID_742579,2019-10-06,1
Cloak of the Undead King,SSID_742579,2019-10-28,1
Cloak of the Undead King,SSID_742579,2019-11-09,1
Cloak of the Undead King,SSID_742579,2019-12-29,1
Cloak of the Undead King,SSID_742579,2020-01-12,1
Cloak of the Undead King,SSID_742579,2020-01-13,1
Cloak of the Undead King,SSID_742579,2020-01-21,1
Cloak of the Undead King,SSID_742579,2020-02-01,1
Cloak of the Undead King,SSID_742579,2020-05-10,2
Cloak of the Undead King,SSID_742579,2020-05-11,1
Cloak of the Undead King,SSID_742579,2020-08-08,1
Cloak of the Undead King,SSID_742579,2020-08-09,1
Cloak of the Undead King,SSID_742579,2020-08-16,1
Cloak of the Undead King,SSID_742579,2020-08-24,1
Cloak of the Undead King,SSID_742579,2020-09-06,1
Cloak of the Undead King,SSID_742579,2020-09-14,1
Cloak of the Undead King,SSID_742579,2020-12-12,1
Cloak of the Undead King,SSID_742579,2020-12-18,1
Cloak of the Undead King,SSID_742579,2020-12-26,1
Cloak of the Undead King,SSID_742579,2022-02-18,1
Cloak of the Undead King,SSID_742579,2022-02-26,1
Cloak of the Undead King,SSID_742579,2022-02-28,1
Cloak of the Undead King,SSID_742579,2022-03-08,1
Cloak of the Undead King,SSID_742579,2022-04-05,1
Cloak of the Undead King,SSID_742579,2022-05-03,1
Cloak of the Undead King,SSID_742579,2022-05-09,1
Cloak of the Undead King,SSID_742579,2022-05-17,1
Cloak of the Undead King,SSID_742579,2022-06-06,1
Cloak of the Undead King,SSID_742579,2022-08-02,2
Cloak of the Undead King,SSID_742579,2022-08-14,1
Cloak of the Undead King,SSID_742579,2022-08-15,1
Cloak of the Undead King,SSID_742579,2022-08-20,1
Cape of Velocity,SSID_910889,2015-03-23,1
Cape of Velocity,SSID_910889,2015-03-27,1
Cape of Velocity,SSID_910889,2015-04-26,1
Cape of Velocity,SSID_910889,2015-05-04,1
Cape of Velocity,SSID_910889,2015-05-11,2
Cape of Velocity,SSID_910889,2015-07-10,1
Cape of Velocity,SSID_910889,2015-08-04,1
Cape of Velocity,SSID_910889,2015-08-15,1
Cape of Velocity,SSID_910889,2015-10-12,1
Cape of Velocity,SSID_910889,2015-10-24,1
Cape of Velocity,SSID_910889,2015-11-21,1
Cape of Velocity,SSID_910889,2015-11-23,1
Cape of Velocity,SSID_946104,2014-10-12,1
Cape of Velocity,SSID_946104,2014-10-14,1
Cape of Velocity,SSID_946104,2014-10-17,1
Cape of Velocity,SSID_946104,2014-10-20,1
Cape of Velocity,SSID_946104,2014-10-31,1
Cape of Velocity,SSID_946104,2014-11-07,1
Cape of Velocity,SSID_946104,2014-12-21,1
Cape of Velocity,SSID_946104,2015-05-03,1
Cape of Velocity,SSID_946104,2015-06-11,1
Cape of Velocity,SSID_476629,2016-04-08,1
Cape of Velocity,SSID_476629,2016-07-22,1
Cape of Velocity,SSID_476629,2016-09-29,1
Cape of Velocity,SSID_476629,2017-01-05,1
Cape of Velocity,SSID_476629,2017-01-07,1
Cape of Velocity,SSID_476629,2017-02-17,1
Cape of Velocity,SSID_476629,2017-07-11,1
Cape of Velocity,SSID_414517,2017-06-10,1
Cape of Velocity,SSID_577995,2015-11-24,1
Cape of Velocity,SSID_577995,2015-12-05,1
Cape of Velocity,SSID_577995,2015-12-20,1
Cape of Velocity,SSID_577995,2015-12-27,1
Cape of Velocity,SSID_577995,2016-01-03,1
Cape of Velocity,SSID_577995,2016-01-05,1
Cape of Velocity,SSID_577995,2016-01-10,1
Cape of Velocity,SSID_577995,2016-01-12,1
Cape of Velocity,SSID_577995,2016-01-15,1
Cape of Velocity,SSID_577995,2016-01-19,1
Cape of Velocity,SSID_577995,2016-01-22,1
Cape of Velocity,SSID_577995,2016-01-30,1
Cape of Velocity,SSID_577995,2016-02-13,1
Cape of Velocity,SSID_577995,2016-02-16,1
Cape of Velocity,SSID_577995,2016-02-19,2
Cape of Velocity,SSID_577995,2016-03-05,1
Cape of Velocity,SSID_577995,2016-04-05,1
Cape of Velocity,SSID_577995,2016-05-03,1
Cape of Velocity,SSID_577995,2016-05-07,1
Cape of Velocity,SSID_252389,2016-08-27,1
Cape of Velocity,SSID_252389,2016-12-10,1
Cape of Velocity,SSID_934943,2016-01-25,1
Cape of Velocity,SSID_934943,2016-02-07,1
Cape of Velocity,SSID_934943,2016-03-06,1
Cape of Velocity,SSID_934943,2016-08-05,1
Cape of Velocity,SSID_934943,2016-08-28,1
Cape of Velocity,SSID_934943,2016-09-19,1
Cape of Velocity,SSID_934943,2016-12-13,1
Boots of Levitation,SSID_603598,2021-07-17,1
Boots of Levitation,SSID_603598,2021-08-02,1
Boots of Levitation,SSID_603598,2021-09-25,1
Boots of Levitation,SSID_603598,2021-10-12,1
Boots of Levitation,SSID_603598,2021-11-21,1
Boots of Levitation,SSID_440798,2021-10-10,1
Boots of Levitation,SSID_440798,2021-10-23,1
Boots of Levitation,SSID_440798,2021-11-26,1
Boots of Levitation,SSID_440798,2021-11-29,1
Boots of Levitation,SSID_440798,2021-12-03,1
Boots of Levitation,SSID_440798,2021-12-05,1
Boots of Levitation,SSID_440798,2021-12-25,1
Boots of Levitation,SSID_988837,2021-07-26,1
Boots of Levitation,SSID_988837,2021-08-01,1
Boots of Levitation,SSID_988837,2021-08-21,1
Boots of Levitation,SSID_988837,2021-08-30,1
Boots of Levitation,SSID_988837,2021-10-05,1
Boots of Levitation,SSID_988837,2021-10-12,1
Boots of Levitation,SSID_988837,2021-10-30,1
Boots of Levitation,SSID_988837,2021-11-19,1
Boots of Levitation,SSID_988837,2021-11-21,1
Boots of Levitation,SSID_988837,2021-11-27,1
Boots of Levitation,SSID_988837,2021-11-28,1
Boots of Levitation,SSID_988837,2021-11-30,2
Boots of Levitation,SSID_988837,2021-12-03,1
Boots of Levitation,SSID_988837,2021-12-04,1
Cloak of the Undead King,SSID_167290,2018-12-11,1
Cloak of the Undead King,SSID_331382,2019-08-10,1
Cloak of the Undead King,SSID_331382,2019-10-01,1
Cloak of the Undead King,SSID_323812,2015-03-23,1
Cloak of the Undead King,SSID_323812,2016-05-08,1
Cloak of the Undead King,SSID_323812,2016-08-30,1
Cloak of the Undead King,SSID_100946,2019-09-07,1
Cloak of the Undead King,SSID_715852,2019-02-16,1
Cloak of the Undead King,SSID_715852,2019-03-28,1
Cloak of the Undead King,SSID_715852,2019-04-19,1
Cloak of the Undead King,SSID_715852,2019-06-16,1
Cloak of the Undead King,SSID_715852,2019-06-28,1
Cloak of the Undead King,SSID_715852,2019-07-11,1
Cloak of the Undead King,SSID_715852,2019-08-03,1
Cloak of the Undead King,SSID_715852,2019-08-17,1
Cloak of the Undead King,SSID_380400,2021-01-12,1
Cloak of the Undead King,SSID_380400,2021-03-08,1
Cloak of the Undead King,SSID_380400,2021-10-09,1
Cloak of the Undead King,SSID_380400,2021-10-23,1
Cloak of the Undead King,SSID_380400,2021-11-09,1
Cloak of the Undead King,SSID_674305,2021-02-08,1
Cloak of the Undead King,SSID_674305,2021-03-20,1
Cloak of the Undead King,SSID_674305,2021-03-27,1
Cloak of the Undead King,SSID_674305,2021-04-02,1
Cloak of the Undead King,SSID_674305,2021-05-09,1
Cloak of the Undead King,SSID_674305,2021-05-19,1
Cloak of the Undead King,SSID_674305,2021-05-26,1
Cloak of the Undead King,SSID_674305,2021-12-04,1
Cloak of the Undead King,SSID_674305,2022-01-24,1
Cloak of the Undead King,SSID_674305,2022-06-07,1
Cloak of the Undead King,SSID_924857,2021-10-25,1
Cloak of the Undead King,SSID_151432,2019-11-08,1
Cloak of the Undead King,SSID_151432,2020-04-10,2
Cloak of the Undead King,SSID_151432,2020-04-21,1
Cloak of the Undead King,SSID_151432,2020-05-19,1
Cloak of the Undead King,SSID_151432,2020-08-11,1
Cloak of the Undead King,SSID_151432,2020-08-30,1
Cloak of the Undead King,SSID_151432,2020-11-13,1
Cloak of the Undead King,SSID_151432,2020-11-20,1
Cloak of the Undead King,SSID_151432,2020-12-18,1
Cloak of the Undead King,SSID_151432,2021-02-20,1
Cloak of the Undead King,SSID_835888,2019-04-05,1
Cloak of the Undead King,SSID_835888,2019-04-14,1
Cloak of the Undead King,SSID_835888,2019-04-28,1
Cloak of the Undead King,SSID_835888,2019-06-21,1
Cloak of the Undead King,SSID_835888,2019-07-19,1
Cloak of the Undead King,SSID_835888,2019-07-30,1
Cloak of the Undead King,SSID_835888,2019-12-25,1
Cloak of the Undead King,SSID_835888,2019-12-28,1
Cloak of the Undead King,SSID_835888,2020-02-23,1
Cloak of the Undead King,SSID_662238,2019-03-29,1
Cloak of the Undead King,SSID_662238,2019-04-21,1
Cloak of the Undead King,SSID_662238,2019-04-29,1
Cloak of the Undead King,SSID_662238,2019-11-23,1
Cloak of the Undead King,SSID_662238,2019-12-30,1
Cloak of the Undead King,SSID_662238,2020-05-31,1
Cloak of the Undead King,SSID_445265,2019-02-16,1
Cloak of the Undead King,SSID_445265,2019-03-29,1
Cloak of the Undead King,SSID_445265,2019-03-31,1
Cloak of the Undead King,SSID_445265,2019-06-15,1
Cloak of the Undead King,SSID_445265,2019-06-16,1
Cloak of the Undead King,SSID_445265,2019-06-23,1
Cloak of the Undead King,SSID_445265,2019-07-14,1
Cloak of the Undead King,SSID_445265,2019-08-04,1
Cloak of the Undead King,SSID_445265,2019-10-12,1
Cloak of the Undead King,SSID_445265,2019-10-27,1
Cloak of the Undead King,SSID_445265,2019-11-24,1
Cloak of the Undead King,SSID_445265,2020-01-19,1
Cloak of the Undead King,SSID_445265,2020-03-28,1
Cloak of the Undead King,SSID_445265,2020-05-05,1
Cloak of the Undead King,SSID_445265,2020-06-22,1
Cloak of the Undead King,SSID_607856,2023-10-23,1
Cloak of the Undead King,SSID_607856,2023-10-28,1
Cloak of the Undead King,SSID_607856,2023-11-25,1
Cloak of the Undead King,SSID_607856,2024-01-08,1
Elixir of Life,SSID_702958,2021-12-01,1
Elixir of Life,SSID_702958,2021-12-29,1
Elixir of Life,SSID_702958,2022-06-22,1
Elixir of Life,SSID_702958,2022-06-30,1
Elixir of Life,SSID_702958,2022-12-20,1
Lion’s Shield of Courage,SSID_304173,2019-07-27,1
Lion’s Shield of Courage,SSID_304173,2019-07-28,1
Lion’s Shield of Courage,SSID_304173,2019-08-09,1
Lion’s Shield of Courage,SSID_304173,2019-08-16,1
Lion’s Shield of Courage,SSID_304173,2019-08-31,1
Lion’s Shield of Courage,SSID_304173,2019-10-16,1
Lion’s Shield of Courage,SSID_304173,2019-11-09,1
Lion’s Shield of Courage,SSID_304173,2020-01-05,1
Lion’s Shield of Courage,SSID_304173,2020-02-27,1
Lion’s Shield of Courage,SSID_304173,2020-03-01,1
Lion’s Shield of Courage,SSID_304173,2020-04-24,1
Lion’s Shield of Courage,SSID_304173,2020-06-14,1
Lion’s Shield of Courage,SSID_304173,2020-06-25,1
Lion’s Shield of Courage,SSID_304173,2020-07-15,2
Lion’s Shield of Courage,SSID_304173,2020-08-15,1
Lion’s Shield of Courage,SSID_304173,2020-08-20,1
Lion’s Shield of Courage,SSID_304173,2020-08-22,1
Lion’s Shield of Courage,SSID_304173,2020-11-04,1
Lion’s Shield of Courage,SSID_304173,2020-11-14,1
Lion’s Shield of Courage,SSID_304173,2020-12-23,1
Lion’s Shield of Courage,SSID_175896,2019-11-02,1
Lion’s Shield of Courage,SSID_175896,2019-11-16,1
Lion’s Shield of Courage,SSID_175896,2020-01-18,1
Lion’s Shield of Courage,SSID_175896,2020-01-26,1
Lion’s Shield of Courage,SSID_175896,2020-03-29,1
Lion’s Shield of Courage,SSID_175896,2020-04-11,1
Lion’s Shield of Courage,SSID_175896,2020-04-19,1
Lion’s Shield of Courage,SSID_175896,2020-07-02,1
Lion’s Shield of Courage,SSID_175896,2020-07-23,1
Lion’s Shield of Courage,SSID_175896,2020-08-02,1
Lion’s Shield of Courage,SSID_175896,2020-09-18,1
Lion’s Shield of Courage,SSID_175896,2020-10-11,1
Lion’s Shield of Courage,SSID_175896,2020-10-17,1
Lion’s Shield of Courage,SSID_437401,2019-10-10,1
Lion’s Shield of Courage,SSID_437401,2020-02-29,1
Lion’s Shield of Courage,SSID_437401,2020-05-10,1
Lion’s Shield of Courage,SSID_437401,2020-07-05,1
Lion’s Shield of Courage,SSID_437401,2020-08-09,1
Lion’s Shield of Courage,SSID_437401,2020-08-21,1
Boots of Levitation,SSID_565878,2019-04-20,1
Boots of Levitation,SSID_565878,2019-04-27,1
Boots of Levitation,SSID_565878,2019-05-17,1
Boots of Levitation,SSID_565878,2019-06-13,1
Boots of Levitation,SSID_565878,2019-06-14,2
Boots of Levitation,SSID_565878,2019-06-22,1
Boots of Levitation,SSID_565878,2019-06-26,1
Boots of Levitation,SSID_531709,2019-05-24,1
Elixir of Life,SSID_321070,2021-09-01,1
Elixir of Life,SSID_321070,2021-09-02,1
Elixir of Life,SSID_321070,2021-09-06,1
Elixir of Life,SSID_321070,2021-10-11,1
Elixir of Life,SSID_321070,2021-10-12,1
Elixir of Life,SSID_321070,2021-10-14,1
Elixir of Life,SSID_321070,2022-03-15,1
Elixir of Life,SSID_321070,2022-03-20,1
Elixir of Life,SSID_714168,2020-11-09,1
Elixir of Life,SSID_189401,2019-11-21,1
Elixir of Life,SSID_189401,2019-11-23,1
Elixir of Life,SSID_189401,2019-11-24,1
Elixir of Life,SSID_189401,2019-11-27,1
Elixir of Life,SSID_189401,2019-11-28,1
Elixir of Life,SSID_189401,2019-12-31,1
Elixir of Life,SSID_189401,2020-01-02,2
Elixir of Life,SSID_189401,2020-01-09,1
Elixir of Life,SSID_189401,2020-01-30,1
Elixir of Life,SSID_189401,2020-02-06,1
Elixir of Life,SSID_189401,2020-02-08,1
Elixir of Life,SSID_189401,2020-03-07,1
Elixir of Life,SSID_189401,2020-04-11,1
Elixir of Life,SSID_189401,2020-04-15,1
Elixir of Life,SSID_539065,2018-01-31,1
Elixir of Life,SSID_539065,2018-02-20,1
Elixir of Life,SSID_539065,2018-02-28,1
Elixir of Life,SSID_539065,2018-03-14,1
Elixir of Life,SSID_539065,2018-03-22,1
Elixir of Life,SSID_539065,2018-03-30,1
Elixir of Life,SSID_539065,2018-04-03,1
Elixir of Life,SSID_539065,2018-04-04,1
Elixir of Life,SSID_539065,2018-04-12,1
Elixir of Life,SSID_539065,2018-04-17,1
Elixir of Life,SSID_539065,2018-04-25,1
Elixir of Life,SSID_539065,2018-05-01,1
Elixir of Life,SSID_539065,2018-05-17,1
Elixir of Life,SSID_539065,2018-06-01,1
Elixir of Life,SSID_539065,2018-06-13,1
Elixir of Life,SSID_539065,2018-07-26,1
Elixir of Life,SSID_539065,2018-08-09,1
Elixir of Life,SSID_539065,2018-08-21,1
Elixir of Life,SSID_539065,2018-09-12,1
Elixir of Life,SSID_539065,2018-10-03,1
Elixir of Life,SSID_539065,2018-10-11,1
Elixir of Life,SSID_539065,2018-10-30,1
Elixir of Life,SSID_539065,2018-12-18,1
Elixir of Life,SSID_539065,2018-12-19,1
Elixir of Life,SSID_539065,2019-01-03,1
Elixir of Life,SSID_539065,2019-05-01,1
Elixir of Life,SSID_539065,2019-08-08,1
Elixir of Life,SSID_539065,2019-08-14,2
Elixir of Life,SSID_539065,2019-08-22,1
Elixir of Life,SSID_539065,2019-08-27,1
Elixir of Life,SSID_539065,2019-09-11,1
Elixir of Life,SSID_539065,2019-09-24,1
Elixir of Life,SSID_539065,2019-09-25,1
Elixir of Life,SSID_539065,2019-10-17,1
Elixir of Life,SSID_539065,2019-11-14,1
Elixir of Life,SSID_539065,2019-12-10,1
Elixir of Life,SSID_539065,2020-02-06,1
Elixir of Life,SSID_539065,2020-02-18,1
Elixir of Life,SSID_539065,2020-02-25,1
Elixir of Life,SSID_539065,2020-03-18,1
Elixir of Life,SSID_539065,2020-04-14,1
Elixir of Life,SSID_539065,2020-04-29,1
Elixir of Life,SSID_539065,2020-05-12,1
Elixir of Life,SSID_539065,2020-07-10,1
Elixir of Life,SSID_539065,2021-01-20,1
Elixir of Life,SSID_222041,2018-02-23,1
Elixir of Life,SSID_222041,2018-12-12,1
Elixir of Life,SSID_222041,2019-12-10,1
Elixir of Life,SSID_222041,2020-03-12,1
Elixir of Life,SSID_222041,2020-07-22,1
Elixir of Life,SSID_222041,2020-11-05,1
Elixir of Life,SSID_222041,2020-11-10,1
Elixir of Life,SSID_965544,2019-02-13,1
Elixir of Life,SSID_965544,2019-02-16,1
Elixir of Life,SSID_965544,2019-02-28,1
Elixir of Life,SSID_965544,2019-03-08,1
Elixir of Life,SSID_965544,2019-03-12,1
Elixir of Life,SSID_965544,2019-04-28,1
Elixir of Life,SSID_965544,2019-12-22,1
Elixir of Life,SSID_380720,2020-01-14,2
Elixir of Life,SSID_380720,2020-02-07,1
Elixir of Life,SSID_380720,2020-02-28,1
Elixir of Life,SSID_380720,2020-03-03,1
Elixir of Life,SSID_380720,2020-03-11,1
Elixir of Life,SSID_380720,2020-03-13,1
Elixir of Life,SSID_380720,2020-03-20,1
Elixir of Life,SSID_380720,2020-04-29,1
Elixir of Life,SSID_380720,2020-05-15,1
Elixir of Life,SSID_380720,2020-05-19,1
Elixir of Life,SSID_380720,2020-05-29,1
Elixir of Life,SSID_380720,2020-07-22,1
Elixir of Life,SSID_380720,2020-08-07,1
Elixir of Life,SSID_380720,2020-08-12,1
Elixir of Life,SSID_380720,2020-09-01,1
Elixir of Life,SSID_380720,2020-09-16,1
Elixir of Life,SSID_380720,2020-09-22,1
Elixir of Life,SSID_380720,2020-09-25,1
Elixir of Life,SSID_380720,2020-09-30,1
Elixir of Life,SSID_380720,2020-12-01,2
Elixir of Life,SSID_380720,2020-12-02,1
Elixir of Life,SSID_380720,2021-01-13,1
Elixir of Life,SSID_380720,2021-01-15,1
Elixir of Life,SSID_380720,2021-01-20,1
Elixir of Life,SSID_764374,2018-10-23,1
Elixir of Life,SSID_764374,2018-11-06,1
Elixir of Life,SSID_764374,2018-11-29,1
Elixir of Life,SSID_764374,2018-11-30,1
Elixir of Life,SSID_764374,2018-12-19,1
Elixir of Life,SSID_764374,2019-01-10,1
Elixir of Life,SSID_764374,2019-02-01,1
Elixir of Life,SSID_764374,2019-02-13,1
Elixir of Life,SSID_764374,2019-02-14,1
Elixir of Life,SSID_764374,2019-04-17,1
Elixir of Life,SSID_764374,2019-06-21,1
Elixir of Life,SSID_764374,2019-11-27,1
Elixir of Life,SSID_764374,2020-01-24,1
Elixir of Life,SSID_764374,2020-05-20,1
Elixir of Life,SSID_764374,2020-06-05,1
Elixir of Life,SSID_764374,2020-06-11,1
Elixir of Life,SSID_764374,2020-06-17,1
Elixir of Life,SSID_764374,2020-06-22,1
Elixir of Life,SSID_764374,2020-09-16,1
Elixir of Life,SSID_764374,2020-10-23,1
Elixir of Life,SSID_764374,2020-12-04,1
Elixir of Life,SSID_479452,2017-12-20,1
Elixir of Life,SSID_479452,2017-12-26,1
Elixir of Life,SSID_479452,2018-01-02,1
Elixir of Life,SSID_479452,2018-01-15,1
Elixir of Life,SSID_479452,2018-02-26,1
Elixir of Life,SSID_479452,2018-03-19,1
Elixir of Life,SSID_479452,2018-04-03,1
Elixir of Life,SSID_479452,2018-04-25,1
Elixir of Life,SSID_479452,2018-05-09,1
Elixir of Life,SSID_479452,2018-07-03,1
Elixir of Life,SSID_970295,2018-04-06,1
Elixir of Life,SSID_970295,2018-07-04,1
Elixir of Life,SSID_970295,2018-09-01,1
Elixir of Life,SSID_970295,2018-10-19,1
Elixir of Life,SSID_970295,2018-11-30,1
Elixir of Life,SSID_970295,2019-05-16,1
Elixir of Life,SSID_970295,2019-10-18,1
Elixir of Life,SSID_970295,2020-01-10,1
Elixir of Life,SSID_970295,2020-03-20,1
Elixir of Life,SSID_970295,2020-04-23,1
Elixir of Life,SSID_970295,2020-04-24,1
Elixir of Life,SSID_970295,2020-11-06,1
Elixir of Life,SSID_416265,2020-02-07,1
Elixir of Life,SSID_711356,2018-07-19,1
Elixir of Life,SSID_711356,2018-07-23,1
Elixir of Life,SSID_711356,2018-07-24,1
Elixir of Life,SSID_711356,2018-08-16,1
Elixir of Life,SSID_711356,2018-08-29,1
Elixir of Life,SSID_711356,2018-09-12,1
Elixir of Life,SSID_711356,2018-09-24,1
Elixir of Life,SSID_711356,2018-09-25,1
Elixir of Life,SSID_711356,2018-10-19,1
Elixir of Life,SSID_711356,2018-10-24,1
Elixir of Life,SSID_711356,2018-10-31,1
Elixir of Life,SSID_711356,2018-11-13,1
Elixir of Life,SSID_711356,2018-11-21,1
Elixir of Life,SSID_711356,2018-12-20,1
Elixir of Life,SSID_711356,2018-12-21,1
Elixir of Life,SSID_711356,2018-12-25,1
Elixir of Life,SSID_711356,2018-12-28,1
Elixir of Life,SSID_711356,2019-01-24,2
Elixir of Life,SSID_711356,2019-02-07,1
Elixir of Life,SSID_711356,2019-02-12,1
Elixir of Life,SSID_711356,2019-04-10,1
Elixir of Life,SSID_711356,2019-05-03,1
Elixir of Life,SSID_711356,2019-07-04,1
Elixir of Life,SSID_711356,2019-08-20,1
Elixir of Life,SSID_711356,2019-09-04,1
Elixir of Life,SSID_711356,2019-11-21,1
Elixir of Life,SSID_711356,2020-12-24,1
Elixir of Life,SSID_711356,2020-12-29,1
Elixir of Life,SSID_711356,2021-01-21,1
Elixir of Life,SSID_711356,2021-02-01,1
Elixir of Life,SSID_711356,2021-02-02,1
Elixir of Life,SSID_711356,2021-02-04,1
Elixir of Life,SSID_710792,2021-12-07,1
Elixir of Life,SSID_710792,2021-12-13,1
Elixir of Life,SSID_710792,2022-01-18,1
Elixir of Life,SSID_710792,2022-02-05,1
Elixir of Life,SSID_710792,2022-03-01,1
Elixir of Life,SSID_710792,2022-03-28,1
Elixir of Life,SSID_574511,2021-03-03,1
Elixir of Life,SSID_574511,2021-06-03,1
Elixir of Life,SSID_574511,2021-06-24,1
Elixir of Life,SSID_574511,2021-08-05,1
Elixir of Life,SSID_574511,2021-09-23,1
Elixir of Life,SSID_336060,2021-02-10,1
Elixir of Life,SSID_336060,2021-02-19,1
Elixir of Life,SSID_336060,2021-05-19,1
Elixir of Life,SSID_336060,2021-05-27,1
Elixir of Life,SSID_320872,2020-10-02,1
Elixir of Life,SSID_320872,2021-01-21,1
Elixir of Life,SSID_320872,2021-01-26,1
Elixir of Life,SSID_320872,2021-02-03,1
Elixir of Life,SSID_320872,2021-04-02,1
Cloak of the Undead King,SSID_614716,2019-05-10,1
Cloak of the Undead King,SSID_614716,2019-08-06,1
Cloak of the Undead King,SSID_614716,2019-10-04,1
Cloak of the Undead King,SSID_614716,2020-01-28,1
Cloak of the Undead King,SSID_614716,2020-02-18,1
Cloak of the Undead King,SSID_614716,2020-09-02,1
Cloak of the Undead King,SSID_614716,2020-12-16,1
Cloak of the Undead King,SSID_614716,2021-02-03,1
Cloak of the Undead King,SSID_614716,2021-05-19,1
Cloak of the Undead King,SSID_614716,2021-09-21,1
Boots of Levitation,SSID_921234,2021-08-15,1
Boots of Levitation,SSID_921234,2021-08-23,1
Boots of Levitation,SSID_921234,2021-08-24,1
Boots of Levitation,SSID_921234,2021-08-30,1
Boots of Levitation,SSID_921234,2021-09-19,1
Boots of Levitation,SSID_921234,2021-10-05,1
Boots of Levitation,SSID_921234,2021-10-12,1
Boots of Levitation,SSID_921234,2021-11-15,1
Boots of Levitation,SSID_209785,2021-08-11,1
Boots of Levitation,SSID_209785,2021-10-31,1
Boots of Levitation,SSID_209785,2021-11-03,1
Boots of Levitation,SSID_198978,2018-09-26,1
Boots of Levitation,SSID_198978,2018-10-09,1
Boots of Levitation,SSID_198978,2018-11-02,1
Boots of Levitation,SSID_198978,2018-11-09,1
Boots of Levitation,SSID_198978,2018-11-23,1
Boots of Levitation,SSID_198978,2018-11-27,1
Boots of Levitation,SSID_198978,2018-12-28,1
Boots of Levitation,SSID_198978,2019-01-18,1
Boots of Levitation,SSID_198978,2019-02-19,1
Boots of Levitation,SSID_198978,2019-02-22,1
Boots of Levitation,SSID_198978,2019-03-13,1
Boots of Levitation,SSID_198978,2019-03-20,1
Boots of Levitation,SSID_198978,2019-04-17,1
Elixir of Life,SSID_719830,2022-12-08,1
Cloak of the Undead King,SSID_477494,2019-12-02,1
Cloak of the Undead King,SSID_477494,2019-12-17,1
Cloak of the Undead King,SSID_477494,2020-01-14,1
Cloak of the Undead King,SSID_477494,2020-01-19,1
Cloak of the Undead King,SSID_477494,2020-01-26,2
Boots of Levitation,SSID_686836,2021-01-14,1
Boots of Levitation,SSID_686836,2021-02-18,1
Boots of Levitation,SSID_686836,2021-03-13,1
Boots of Levitation,SSID_686836,2021-03-25,1
Boots of Levitation,SSID_686836,2021-08-07,2
Boots of Levitation,SSID_686836,2021-08-20,1
Boots of Levitation,SSID_686836,2021-09-01,1
Boots of Levitation,SSID_686836,2021-09-02,1
Boots of Levitation,SSID_686836,2021-09-09,1
Boots of Levitation,SSID_686836,2021-09-10,1
Boots of Levitation,SSID_686836,2021-09-17,1
Boots of Levitation,SSID_867481,2020-11-11,2
Boots of Levitation,SSID_867481,2020-12-03,1
Boots of Levitation,SSID_867481,2020-12-05,1
Boots of Levitation,SSID_867481,2020-12-08,1
Boots of Levitation,SSID_867481,2021-01-14,1
Boots of Levitation,SSID_867481,2021-02-02,1
Boots of Levitation,SSID_867481,2021-02-04,1
Boots of Levitation,SSID_867481,2021-02-13,1
Boots of Levitation,SSID_867481,2021-02-19,2
Boots of Levitation,SSID_867481,2021-03-03,1
Boots of Levitation,SSID_867481,2021-03-12,1
Boots of Levitation,SSID_867481,2021-04-16,1
Boots of Levitation,SSID_867481,2021-04-28,1
Boots of Levitation,SSID_867481,2021-06-09,1
Boots of Levitation,SSID_867481,2021-06-11,1
Boots of Levitation,SSID_867481,2021-07-03,1
Boots of Levitation,SSID_867481,2021-07-20,1
Boots of Levitation,SSID_867481,2021-07-23,1
Boots of Levitation,SSID_867481,2021-08-11,1
Boots of Levitation,SSID_867481,2021-08-27,2
Boots of Levitation,SSID_252118,2023-01-14,1
Boots of Levitation,SSID_252118,2023-02-11,1
Boots of Levitation,SSID_252118,2023-03-19,1
Boots of Levitation,SSID_252118,2023-05-18,1
Boots of Levitation,SSID_873147,2021-01-03,1
Boots of Levitation,SSID_873147,2021-01-18,1
Boots of Levitation,SSID_873147,2021-01-25,1
Boots of Levitation,SSID_873147,2021-03-07,1
Boots of Levitation,SSID_873147,2021-04-07,1
Boots of Levitation,SSID_873147,2021-05-04,1
Boots of Levitation,SSID_873147,2021-05-31,1
Boots of Levitation,SSID_873147,2021-08-31,1
Boots of Levitation,SSID_873147,2021-09-21,1
Boots of Levitation,SSID_873147,2021-10-13,1
Boots of Levitation,SSID_471368,2022-01-19,1
Boots of Levitation,SSID_471368,2022-01-23,1
Boots of Levitation,SSID_471368,2022-03-24,1
Boots of Levitation,SSID_222347,2022-04-26,1
Boots of Levitation,SSID_222347,2022-05-10,1
Boots of Levitation,SSID_222347,2022-08-16,2
Boots of Levitation,SSID_222347,2022-09-13,1
Boots of Levitation,SSID_222347,2022-09-20,1
Boots of Levitation,SSID_222347,2022-09-27,1
Boots of Levitation,SSID_222347,2022-12-06,1
Boots of Levitation,SSID_304571,2022-09-29,1
Boots of Levitation,SSID_304571,2022-10-13,1
Boots of Levitation,SSID_304571,2022-10-17,1
Boots of Levitation,SSID_304571,2022-10-18,1
Boots of Levitation,SSID_304571,2022-10-27,1
Boots of Levitation,SSID_304571,2022-11-15,1
Boots of Levitation,SSID_304571,2022-11-30,2
Boots of Levitation,SSID_304571,2022-12-12,1
Boots of Levitation,SSID_304571,2023-01-17,1
Boots of Levitation,SSID_717473,2022-05-16,1
Boots of Levitation,SSID_717473,2022-06-01,1
Boots of Levitation,SSID_717473,2022-06-06,1
Boots of Levitation,SSID_717473,2022-07-16,1
Boots of Levitation,SSID_717473,2022-07-18,1
Boots of Levitation,SSID_717473,2022-07-30,1
Boots of Levitation,SSID_717473,2022-07-31,1
Boots of Levitation,SSID_717473,2022-08-20,1
Boots of Levitation,SSID_717473,2022-08-28,1
Boots of Levitation,SSID_717473,2022-09-04,1
Boots of Levitation,SSID_717473,2022-11-09,5
Boots of Levitation,SSID_717473,2022-11-16,2
Boots of Levitation,SSID_717473,2022-11-19,1
Boots of Levitation,SSID_717473,2022-11-20,1
Boots of Levitation,SSID_717473,2022-11-21,1
Boots of Levitation,SSID_717473,2022-11-23,1
Boots of Levitation,SSID_717473,2022-12-13,3
Boots of Levitation,SSID_410969,2022-10-30,1
Boots of Levitation,SSID_410969,2022-11-01,1
Boots of Levitation,SSID_410969,2022-11-14,1
Boots of Levitation,SSID_410969,2022-11-27,1
Boots of Levitation,SSID_410969,2022-12-05,1
Boots of Levitation,SSID_410969,2023-01-24,1
Boots of Levitation,SSID_631051,2022-10-02,1
Boots of Levitation,SSID_631051,2022-10-12,1
Boots of Levitation,SSID_631051,2022-11-05,1
Boots of Levitation,SSID_631051,2022-11-13,1
Boots of Levitation,SSID_631051,2022-11-14,1
Boots of Levitation,SSID_631051,2022-11-16,1
Boots of Levitation,SSID_631051,2022-12-10,1
Boots of Levitation,SSID_631051,2022-12-12,1
Cloak of the Undead King,SSID_608968,2021-05-01,1
Cloak of the Undead King,SSID_608968,2021-07-09,1
Cloak of the Undead King,SSID_515778,2022-03-27,2
Cloak of the Undead King,SSID_515778,2022-03-28,1
Cloak of the Undead King,SSID_515778,2022-04-12,1
Cloak of the Undead King,SSID_515778,2022-05-28,1
Cloak of the Undead King,SSID_515778,2022-06-07,1
Cloak of the Undead King,SSID_515778,2022-07-10,1
Cloak of the Undead King,SSID_515778,2022-07-11,1
Cloak of the Undead King,SSID_515778,2022-09-24,1
Cloak of the Undead King,SSID_183742,2022-05-28,1
Cloak of the Undead King,SSID_183742,2022-08-20,1
Cloak of the Undead King,SSID_183742,2022-08-22,1
Cloak of the Undead King,SSID_526890,2021-08-04,1
Cloak of the Undead King,SSID_526890,2021-09-09,1
Cloak of the Undead King,SSID_526890,2021-10-27,1
Cloak of the Undead King,SSID_526890,2021-11-19,1
Boots of Levitation,SSID_767934,2019-09-15,1
Boots of Levitation,SSID_767934,2019-11-05,1
Boots of Levitation,SSID_767934,2020-01-12,1
Boots of Levitation,SSID_511855,2020-05-03,1
Boots of Levitation,SSID_511855,2020-05-08,1
Boots of Levitation,SSID_511855,2020-05-29,1
Boots of Levitation,SSID_511855,2020-06-07,1
Boots of Levitation,SSID_511855,2020-06-21,1
Boots of Levitation,SSID_511855,2020-06-28,1
Boots of Levitation,SSID_511855,2020-07-17,1
Boots of Levitation,SSID_511855,2020-07-18,1
Boots of Levitation,SSID_511855,2020-07-20,1
Boots of Levitation,SSID_511855,2020-07-24,1
Boots of Levitation,SSID_511855,2020-07-27,1
Boots of Levitation,SSID_156053,2020-03-22,1
Boots of Levitation,SSID_156053,2020-07-25,1
Boots of Levitation,SSID_873364,2020-07-19,1
Boots of Levitation,SSID_873364,2020-08-10,1
Cloak of the Undead King,SSID_901611,2022-01-04,1
Cloak of the Undead King,SSID_901611,2022-02-03,1
Cloak of the Undead King,SSID_901611,2022-08-03,1
Cloak of the Undead King,SSID_901611,2022-08-07,1
Cloak of the Undead King,SSID_901611,2022-08-15,1
Cloak of the Undead King,SSID_901611,2022-08-17,1
Cloak of the Undead King,SSID_835379,2022-03-11,1
Cloak of the Undead King,SSID_835379,2022-03-18,1
Cloak of the Undead King,SSID_835379,2022-03-30,1
Cloak of the Undead King,SSID_835379,2022-04-25,1
Cloak of the Undead King,SSID_338941,2021-08-27,1
Cloak of the Undead King,SSID_338941,2021-09-17,1
Cloak of the Undead King,SSID_338941,2021-10-21,1
Cloak of the Undead King,SSID_338941,2021-10-24,1
Cloak of the Undead King,SSID_338941,2021-11-11,1
Cloak of the Undead King,SSID_338941,2021-11-15,1
Cloak of the Undead King,SSID_338941,2021-11-19,1
Cloak of the Undead King,SSID_338941,2021-11-27,1
Cloak of the Undead King,SSID_525549,2021-01-23,1
Cloak of the Undead King,SSID_525549,2022-01-30,1
Boots of Levitation,SSID_645125,2022-07-15,1
Boots of Levitation,SSID_645125,2022-07-30,2
Boots of Levitation,SSID_645125,2022-09-17,2
Boots of Levitation,SSID_645125,2022-11-26,1
Boots of Levitation,SSID_198517,2022-07-15,1
Boots of Levitation,SSID_198517,2022-10-27,1
Boots of Levitation,SSID_126843,2023-05-08,1
Boots of Levitation,SSID_126843,2023-05-15,1
Boots of Levitation,SSID_126843,2023-05-16,2
Boots of Levitation,SSID_126843,2023-05-17,1
Boots of Levitation,SSID_126843,2023-05-18,1
Boots of Levitation,SSID_126843,2023-05-19,1
Boots of Levitation,SSID_126843,2023-05-23,3
Boots of Levitation,SSID_126843,2023-05-24,1
Boots of Levitation,SSID_126843,2023-05-25,1
Boots of Levitation,SSID_609455,2023-04-26,1
Boots of Levitation,SSID_609455,2023-04-28,2
Boots of Levitation,SSID_609455,2023-05-09,2
Boots of Levitation,SSID_609455,2023-05-17,1
Boots of Levitation,SSID_609455,2023-05-24,1
Boots of Levitation,SSID_609455,2023-05-31,2
Cloak of the Undead King,SSID_621284,2019-08-29,1
Cloak of the Undead King,SSID_621284,2019-09-01,1
Cloak of the Undead King,SSID_621284,2019-09-26,1
Cloak of the Undead King,SSID_621284,2019-10-03,1
Cloak of the Undead King,SSID_621284,2020-01-02,2
Cloak of the Undead King,SSID_621284,2020-02-29,1
Cloak of the Undead King,SSID_621284,2020-04-23,1
Cloak of the Undead King,SSID_621284,2020-04-25,1
Cloak of the Undead King,SSID_621284,2020-07-09,1
Cloak of the Undead King,SSID_621284,2020-07-18,1
Cloak of the Undead King,SSID_621284,2021-07-08,1
Cloak of the Undead King,SSID_621284,2021-07-22,1
Cloak of the Undead King,SSID_621284,2021-10-23,1
Cloak of the Undead King,SSID_881739,2019-08-22,1
Cloak of the Undead King,SSID_881739,2019-09-11,1
Cloak of the Undead King,SSID_881739,2019-09-27,1
Cloak of the Undead King,SSID_881739,2019-10-05,1
Cloak of the Undead King,SSID_881739,2019-10-24,1
Cloak of the Undead King,SSID_881739,2019-11-09,1
Cloak of the Undead King,SSID_881739,2019-11-27,1
Cloak of the Undead King,SSID_881739,2019-11-30,1
Cloak of the Undead King,SSID_881739,2019-12-29,1
Cloak of the Undead King,SSID_881739,2020-01-29,2
Cloak of the Undead King,SSID_881739,2021-07-02,1
Cloak of the Undead King,SSID_881739,2021-10-23,1
Cloak of the Undead King,SSID_362988,2019-12-14,1
Cloak of the Undead King,SSID_362988,2019-12-21,1
Cloak of the Undead King,SSID_362988,2019-12-26,1
Cloak of the Undead King,SSID_362988,2020-03-20,1
Cloak of the Undead King,SSID_362988,2020-05-09,1
Cloak of the Undead King,SSID_362988,2020-06-07,1
Cloak of the Undead King,SSID_362988,2020-08-01,1
Cloak of the Undead King,SSID_362988,2020-08-06,1
Cloak of the Undead King,SSID_362988,2020-10-17,1
Cloak of the Undead King,SSID_362988,2021-01-07,1
Cloak of the Undead King,SSID_362988,2021-07-23,1
Cloak of the Undead King,SSID_154341,2020-07-13,1
Cloak of the Undead King,SSID_154341,2020-07-16,1
Cloak of the Undead King,SSID_154341,2020-07-31,1
Cloak of the Undead King,SSID_154341,2020-08-21,1
Cloak of the Undead King,SSID_154341,2020-10-21,1
Cloak of the Undead King,SSID_154341,2020-10-23,1
Cloak of the Undead King,SSID_154341,2021-05-14,1
Cloak of the Undead King,SSID_154341,2021-06-22,1
Cloak of the Undead King,SSID_154341,2021-08-19,1
Cloak of the Undead King,SSID_176052,2020-01-24,1
Cloak of the Undead King,SSID_176052,2020-07-08,1
Cloak of the Undead King,SSID_176052,2020-10-21,1
Cloak of the Undead King,SSID_176052,2020-11-11,1
Cloak of the Undead King,SSID_176052,2021-01-13,1
Badge of Courage,SSID_783498,2018-06-08,2
Badge of Courage,SSID_783498,2018-06-21,1
Badge of Courage,SSID_783498,2018-06-23,1
Badge of Courage,SSID_783498,2018-06-29,1
Badge of Courage,SSID_783498,2018-07-10,1
Badge of Courage,SSID_783498,2018-07-16,1
Badge of Courage,SSID_783498,2018-07-27,1
Badge of Courage,SSID_783498,2018-07-30,1
Badge of Courage,SSID_783498,2018-08-04,1
Badge of Courage,SSID_783498,2018-08-13,1
Badge of Courage,SSID_783498,2018-08-17,2
Cloak of the Undead King,SSID_194696,2021-04-05,2
Cloak of the Undead King,SSID_194696,2021-07-07,1
Cape of Velocity,SSID_637035,2021-11-07,1
Cape of Velocity,SSID_637035,2022-09-23,1
Cape of Velocity,SSID_637035,2022-12-04,1
Cape of Velocity,SSID_637035,2023-09-12,1
Cape of Velocity,SSID_927589,2019-02-25,1
Cape of Velocity,SSID_927589,2019-05-06,1
Cape of Velocity,SSID_927589,2019-10-21,1
Cape of Velocity,SSID_927589,2019-12-12,1
Cape of Velocity,SSID_927589,2020-02-12,1
Cape of Velocity,SSID_927589,2020-03-09,1
Cape of Velocity,SSID_927589,2020-04-02,1
Cape of Velocity,SSID_927589,2020-04-26,1
Cape of Velocity,SSID_927589,2020-06-01,1
Cape of Velocity,SSID_927589,2020-06-17,1
Cape of Velocity,SSID_927589,2020-07-01,1
Cape of Velocity,SSID_927589,2020-07-08,1
Cape of Velocity,SSID_927589,2020-08-03,1
Cape of Velocity,SSID_927589,2020-08-10,1
Cape of Velocity,SSID_927589,2020-11-30,1
Cape of Velocity,SSID_927589,2020-12-06,1
Cape of Velocity,SSID_927589,2021-01-25,1
Cape of Velocity,SSID_927589,2021-02-14,1
Cape of Velocity,SSID_927589,2021-04-14,1
Cape of Velocity,SSID_927589,2021-08-17,1
Cape of Velocity,SSID_927589,2022-04-04,1
Cape of Velocity,SSID_927589,2022-04-28,1
Cape of Velocity,SSID_724591,2019-06-25,1
Cape of Velocity,SSID_724591,2019-07-07,1
Cape of Velocity,SSID_724591,2019-07-18,1
Cape of Velocity,SSID_724591,2019-12-02,1
Cape of Velocity,SSID_724591,2019-12-16,1
Cape of Velocity,SSID_724591,2020-01-15,1
Cape of Velocity,SSID_724591,2020-01-30,1
Cape of Velocity,SSID_724591,2020-02-17,1
Cape of Velocity,SSID_724591,2020-03-16,1
Cape of Velocity,SSID_724591,2020-04-27,1
Cape of Velocity,SSID_724591,2020-05-28,1
Cape of Velocity,SSID_724591,2020-06-21,1
Cape of Velocity,SSID_724591,2021-02-15,1
Cape of Velocity,SSID_724591,2021-05-20,1
Cape of Velocity,SSID_724591,2021-06-28,1
Cape of Velocity,SSID_724591,2021-09-21,1
Cape of Velocity,SSID_724591,2021-11-18,1
Cape of Velocity,SSID_190151,2019-04-30,1
Cape of Velocity,SSID_190151,2019-06-13,1
Cape of Velocity,SSID_190151,2019-07-02,1
Cape of Velocity,SSID_190151,2019-08-05,1
Cape of Velocity,SSID_190151,2019-08-14,1
Cape of Velocity,SSID_190151,2019-09-16,1
Cape of Velocity,SSID_190151,2019-10-01,1
Cape of Velocity,SSID_190151,2019-10-16,1
Cape of Velocity,SSID_190151,2019-12-02,1
Cape of Velocity,SSID_190151,2020-05-20,1
Cape of Velocity,SSID_190151,2020-05-28,1
Cape of Velocity,SSID_190151,2020-06-17,1
Cape of Velocity,SSID_190151,2020-08-04,1
Cape of Velocity,SSID_190151,2020-08-23,1
Cape of Velocity,SSID_190151,2020-08-24,1
Cape of Velocity,SSID_190151,2020-08-25,1
Cape of Velocity,SSID_190151,2020-10-28,1
Cape of Velocity,SSID_190151,2021-03-22,1
Cape of Velocity,SSID_190151,2022-04-19,1
Cape of Velocity,SSID_371088,2017-10-13,2
Cape of Velocity,SSID_371088,2017-12-23,1
Cape of Velocity,SSID_371088,2018-04-19,1
Cape of Velocity,SSID_371088,2018-04-25,1
Cape of Velocity,SSID_371088,2018-05-19,1
Cape of Velocity,SSID_371088,2018-07-18,1
Cape of Velocity,SSID_371088,2018-11-08,1
Cape of Velocity,SSID_363516,2019-02-04,1
Cape of Velocity,SSID_931542,2018-07-13,1
Cape of Velocity,SSID_931542,2018-08-30,1
Cape of Velocity,SSID_931542,2019-07-19,1
Cape of Velocity,SSID_931542,2020-04-11,1
Cape of Velocity,SSID_886002,2017-10-26,1
Cape of Velocity,SSID_886002,2018-02-23,1
Cape of Velocity,SSID_886002,2018-02-26,1
Cape of Velocity,SSID_886002,2018-05-17,1
Cape of Velocity,SSID_886002,2018-05-25,1
Cape of Velocity,SSID_886002,2018-07-04,1
Elixir of Life,SSID_320721,2021-01-01,1
Elixir of Life,SSID_320721,2021-03-12,1
Elixir of Life,SSID_320721,2021-05-01,1
Elixir of Life,SSID_320721,2021-05-05,1
Elixir of Life,SSID_320721,2021-07-28,1
Elixir of Life,SSID_591685,2021-05-27,1
Elixir of Life,SSID_591685,2021-05-29,1
Elixir of Life,SSID_897741,2020-11-13,1
Elixir of Life,SSID_405528,2019-12-12,1
Elixir of Life,SSID_405528,2019-12-29,1
Elixir of Life,SSID_405528,2020-04-03,1
Elixir of Life,SSID_405528,2020-08-20,1
Elixir of Life,SSID_405528,2020-09-24,2
Elixir of Life,SSID_405528,2020-10-17,1
Elixir of Life,SSID_405528,2020-12-19,1
Elixir of Life,SSID_405528,2021-07-10,1
Elixir of Life,SSID_405528,2021-10-01,1
Elixir of Life,SSID_405528,2021-10-10,1
Elixir of Life,SSID_435940,2020-07-02,1
Elixir of Life,SSID_435940,2020-08-14,3
Elixir of Life,SSID_435940,2020-09-12,1
Elixir of Life,SSID_435940,2020-09-13,2
Elixir of Life,SSID_435940,2020-09-24,1
Elixir of Life,SSID_435940,2020-09-25,2
Elixir of Life,SSID_435940,2021-01-25,1
Elixir of Life,SSID_435940,2021-01-31,2
Elixir of Life,SSID_435940,2021-02-04,1
Elixir of Life,SSID_435940,2021-04-01,1
Elixir of Life,SSID_435940,2021-12-01,1
Elixir of Life,SSID_435940,2021-12-05,2
Elixir of Life,SSID_435940,2021-12-20,4
Elixir of Life,SSID_435940,2021-12-24,1
Elixir of Life,SSID_435940,2021-12-26,1
Elixir of Life,SSID_435940,2022-01-23,1
Elixir of Life,SSID_640376,2020-08-31,1
Elixir of Life,SSID_640376,2020-09-09,1
Elixir of Life,SSID_640376,2020-10-19,1
Elixir of Life,SSID_640376,2021-10-14,2
Cloak of the Undead King,SSID_516749,2019-07-17,2
Cloak of the Undead King,SSID_516749,2019-07-18,1
Cloak of the Undead King,SSID_516749,2019-07-22,1
Cloak of the Undead King,SSID_516749,2019-08-06,1
Cloak of the Undead King,SSID_516749,2019-08-12,1
Cloak of the Undead King,SSID_516749,2019-08-26,1
Cloak of the Undead King,SSID_516749,2019-08-27,1
Cloak of the Undead King,SSID_516749,2019-09-11,1
Cloak of the Undead King,SSID_516749,2019-09-25,1
Cloak of the Undead King,SSID_516749,2019-09-30,2
Cloak of the Undead King,SSID_516749,2019-10-28,2
Cloak of the Undead King,SSID_516749,2019-10-31,1
Cloak of the Undead King,SSID_516749,2019-11-05,1
Cloak of the Undead King,SSID_516749,2019-11-06,1
Cloak of the Undead King,SSID_516749,2019-11-13,1
Cloak of the Undead King,SSID_516749,2019-12-10,1
Cloak of the Undead King,SSID_516749,2019-12-15,1
Cloak of the Undead King,SSID_516749,2020-01-22,1
Cloak of the Undead King,SSID_516749,2020-01-27,1
Cloak of the Undead King,SSID_516749,2020-02-02,1
Cloak of the Undead King,SSID_516749,2020-02-19,1
Cloak of the Undead King,SSID_516749,2020-03-17,2
Cloak of the Undead King,SSID_516749,2020-04-14,1
Cloak of the Undead King,SSID_516749,2020-05-17,1
Cloak of the Undead King,SSID_516749,2020-06-09,1
Cloak of the Undead King,SSID_516749,2020-06-18,1
Cloak of the Undead King,SSID_516749,2020-06-21,1
Cloak of the Undead King,SSID_516749,2020-06-22,1
Cloak of the Undead King,SSID_516749,2020-07-08,1
Cloak of the Undead King,SSID_516749,2020-07-12,1
Cloak of the Undead King,SSID_516749,2020-07-20,1
Cloak of the Undead King,SSID_516749,2020-09-09,1
Cloak of the Undead King,SSID_516749,2020-10-28,1
Cloak of the Undead King,SSID_410309,2019-10-02,2
Cloak of the Undead King,SSID_410309,2019-10-09,1
Cloak of the Undead King,SSID_410309,2019-11-20,1
Cloak of the Undead King,SSID_621412,2019-07-09,1
Cloak of the Undead King,SSID_621412,2019-10-06,1
Cloak of the Undead King,SSID_621412,2020-02-18,1
Cloak of the Undead King,SSID_621412,2020-05-19,1
Cloak of the Undead King,SSID_621412,2020-07-12,1
Cloak of the Undead King,SSID_621412,2020-08-16,1
Cloak of the Undead King,SSID_254770,2021-06-03,1
Cloak of the Undead King,SSID_254770,2021-07-04,1
Cloak of the Undead King,SSID_304414,2021-01-16,1
Cloak of the Undead King,SSID_304414,2021-01-23,1
Cloak of the Undead King,SSID_304414,2021-02-25,1
Cloak of the Undead King,SSID_304414,2021-03-18,1
Cloak of the Undead King,SSID_304414,2021-04-22,1
Cloak of the Undead King,SSID_304414,2021-05-03,1
Cloak of the Undead King,SSID_304414,2021-05-08,1
Cloak of the Undead King,SSID_304414,2021-06-13,1
Cloak of the Undead King,SSID_304414,2021-06-21,2
Cloak of the Undead King,SSID_304414,2021-07-10,1
Cloak of the Undead King,SSID_304414,2021-07-17,1
Cloak of the Undead King,SSID_304414,2021-08-23,1
Cloak of the Undead King,SSID_304414,2021-08-28,2
Cloak of the Undead King,SSID_304414,2021-09-05,1
Cloak of the Undead King,SSID_606985,2020-08-13,1
Cloak of the Undead King,SSID_606985,2020-09-06,1
Cloak of the Undead King,SSID_606985,2020-11-26,1
Cloak of the Undead King,SSID_606985,2021-01-07,1
Cloak of the Undead King,SSID_606985,2021-06-12,1
Cloak of the Undead King,SSID_606985,2021-09-04,1
Cloak of the Undead King,SSID_933874,2020-08-14,1
Cloak of the Undead King,SSID_933874,2020-08-15,1
Cloak of the Undead King,SSID_933874,2020-09-10,1
Cloak of the Undead King,SSID_933874,2020-12-26,1
Cloak of the Undead King,SSID_515403,2021-05-13,1
Cloak of the Undead King,SSID_619478,2022-08-06,1
Cloak of the Undead King,SSID_619478,2022-08-19,1
Cloak of the Undead King,SSID_619478,2022-12-17,1
Cape of Velocity,SSID_511371,2016-06-10,1
Cape of Velocity,SSID_462720,2017-02-26,1
Cape of Velocity,SSID_462720,2017-05-31,1
Cape of Velocity,SSID_491786,2015-09-30,1
Cape of Velocity,SSID_491786,2015-11-12,1
Cape of Velocity,SSID_491786,2015-12-10,1
Cape of Velocity,SSID_491786,2015-12-13,1
Cape of Velocity,SSID_491786,2016-01-06,1
Cape of Velocity,SSID_491786,2016-01-10,1
Cape of Velocity,SSID_491786,2016-01-30,1
Cape of Velocity,SSID_592935,2015-07-11,1
Cape of Velocity,SSID_592935,2015-12-16,1
Cape of Velocity,SSID_194498,2015-10-04,1
Cape of Velocity,SSID_194498,2015-10-07,1
Cape of Velocity,SSID_194498,2015-10-22,2
Cape of Velocity,SSID_194498,2015-11-06,1
Cape of Velocity,SSID_194498,2015-12-03,1
Cape of Velocity,SSID_194498,2016-01-15,1
Cape of Velocity,SSID_250754,2019-04-27,1
Cloak of the Undead King,SSID_220424,2020-01-23,1
Cloak of the Undead King,SSID_220424,2020-06-21,1
Cloak of the Undead King,SSID_220424,2020-09-19,1
Cloak of the Undead King,SSID_220424,2020-11-08,1
Cloak of the Undead King,SSID_220424,2021-04-12,1
Cloak of the Undead King,SSID_220424,2021-06-07,1
Cloak of the Undead King,SSID_220424,2021-08-02,1
Cloak of the Undead King,SSID_381411,2020-10-03,1
Cloak of the Undead King,SSID_381411,2020-11-01,1
Cloak of the Undead King,SSID_381411,2021-02-11,2
Cloak of the Undead King,SSID_381411,2021-04-02,1
Cloak of the Undead King,SSID_381411,2021-12-26,1
Cloak of the Undead King,SSID_381411,2022-01-30,1
Cloak of the Undead King,SSID_381411,2022-02-03,1
Cloak of the Undead King,SSID_381411,2022-04-01,1
Cloak of the Undead King,SSID_381411,2022-06-11,1
Boots of Levitation,SSID_100241,2020-03-31,1
Boots of Levitation,SSID_100241,2020-04-08,1
Boots of Levitation,SSID_100241,2020-06-02,1
Boots of Levitation,SSID_100241,2020-10-27,1
Boots of Levitation,SSID_100241,2020-11-04,1
Boots of Levitation,SSID_100241,2021-03-02,1
Boots of Levitation,SSID_100241,2021-04-07,1
Boots of Levitation,SSID_100241,2021-05-28,1
Boots of Levitation,SSID_962108,2021-04-17,1
Boots of Levitation,SSID_962108,2021-05-18,1
Boots of Levitation,SSID_962108,2021-06-15,1
Boots of Levitation,SSID_962108,2021-08-17,1
Boots of Levitation,SSID_962108,2021-10-19,1
Boots of Levitation,SSID_237261,2021-03-11,1
Cape of Velocity,SSID_531804,2018-02-08,1
Cape of Velocity,SSID_531804,2018-02-10,1
Cape of Velocity,SSID_531804,2018-05-30,1
Cape of Velocity,SSID_531804,2018-07-04,1
Cape of Velocity,SSID_531804,2018-08-29,1
Cape of Velocity,SSID_531804,2018-10-04,1
Cape of Velocity,SSID_531804,2018-11-15,1
Cape of Velocity,SSID_531804,2018-11-28,1
Cape of Velocity,SSID_531804,2019-01-01,1
Cape of Velocity,SSID_531804,2019-01-18,1
Cape of Velocity,SSID_749737,2017-12-19,1
Cape of Velocity,SSID_749737,2018-02-24,2
Cape of Velocity,SSID_749737,2018-03-08,1
Cape of Velocity,SSID_749737,2018-05-09,1
Cape of Velocity,SSID_749737,2018-05-15,1
Cape of Velocity,SSID_749737,2018-06-19,1
Cape of Velocity,SSID_749737,2018-08-07,1
Cape of Velocity,SSID_749737,2018-09-12,1
Cape of Velocity,SSID_980332,2019-03-12,1
Cape of Velocity,SSID_980332,2019-04-09,1
Cape of Velocity,SSID_980332,2019-04-21,1
Cape of Velocity,SSID_980332,2019-04-23,1
Cape of Velocity,SSID_980332,2019-06-04,1
Cape of Velocity,SSID_980332,2019-06-09,1
Cape of Velocity,SSID_980332,2020-01-05,1
Cape of Velocity,SSID_980332,2020-02-10,1
Cape of Velocity,SSID_893029,2018-07-25,1
Cape of Velocity,SSID_893029,2018-09-30,1
Cape of Velocity,SSID_893029,2019-01-12,1
Cape of Velocity,SSID_893029,2019-02-08,1
Cape of Velocity,SSID_726779,2020-03-31,1
Cape of Velocity,SSID_726779,2020-11-22,1
Cape of Velocity,SSID_555564,2020-10-12,1
Cape of Velocity,SSID_399744,2020-12-27,1
Cape of Velocity,SSID_773631,2022-02-21,1
Cape of Velocity,SSID_773631,2022-02-28,1
Cape of Velocity,SSID_136811,2019-11-04,1
Cloak of the Undead King,SSID_269502,2022-02-04,1
Cloak of the Undead King,SSID_269502,2022-04-08,1
Cloak of the Undead King,SSID_269502,2022-05-24,1
Cloak of the Undead King,SSID_269502,2022-06-18,1
Cloak of the Undead King,SSID_459489,2021-05-16,1
Cloak of the Undead King,SSID_459489,2021-05-25,1
Cloak of the Undead King,SSID_459489,2021-06-15,2
Cloak of the Undead King,SSID_459489,2022-02-05,1
Cloak of the Undead King,SSID_459489,2022-03-15,1
Cloak of the Undead King,SSID_459489,2022-03-25,1
Cloak of the Undead King,SSID_279499,2021-11-21,1
Cloak of the Undead King,SSID_279499,2021-12-06,1
Cloak of the Undead King,SSID_279499,2022-03-06,1
Cloak of the Undead King,SSID_668802,2021-01-29,1
Cloak of the Undead King,SSID_668802,2021-02-01,1
Cloak of the Undead King,SSID_668802,2021-10-02,1
Cloak of the Undead King,SSID_668802,2022-02-26,1
Cloak of the Undead King,SSID_668802,2022-03-05,1
Cloak of the Undead King,SSID_668802,2022-10-06,1
Cloak of the Undead King,SSID_714856,2021-01-18,1
Cloak of the Undead King,SSID_714856,2021-01-24,1
Cloak of the Undead King,SSID_714856,2021-02-09,1
